flow_duration,packet_count,byte_count,protocol,label,packets_per_second
3.69449,67.0,32756,TCP,benign,18.1351
181.34161,2595.0,2885640,UDP,suspicious,14.31
6.05867,30.0,16326,TCP,benign,4.9516
5.54082,61.0,43414,TCP,benign,11.0092
0.79929,101.0,54627,UDP,benign,126.3629
8.18406,78.0,52352,TCP,benign,9.5307
,74.0,45896,TCP,benign,4.4501
0.16422,2.0,102,TCP,suspicious,12.1785
6.67068,47.0,26307,TCP,benign,7.0458
1.1128,24.0,18439,TCP,benign,21.5672
8.21387,64.0,40941,TCP,benign,7.7917
1.49104,52.0,28961,TCP,benign,34.875
297.13359,1307.0,1786669,udp,suspicious,4.3987
114.6851,4705.0,6365865,UDP,suspicious,41.0254
3.31967,,740,TCP,benign,0.3012
0.83353,69.0,41608,TCP,benign,82.7803
7.15891,,32773,TCP,benign,6.8446
53.00621,1732.0,2152876,udp,suspicious,32.6754
6.13685,19.0,11051,TCP,benign,3.0961
111.8906,4163.0,5428552,UDP,suspicious,37.206
84.52652,3932.0,5386840,UDP,suspicious,46.5179
1.23861,,42198,TCP,benign,62.1664
0.24677,1.0,51,Tcp,suspicious,4.0524
203.16633,1482.0,1570920,UDP,suspicious,7.2945
1.16508,53.0,34283,udp,benign,45.4905
0.07813,4.0,216,TCP,suspicious,51.1945
2.6659,,51202,UDP,benign,35.6352
0.33739,1.0,44,TCP,suspicious,2.9639
4.74473,69.0,47391,TCP,benign,14.5425
,59.0,42433,TCP,benign,77.0403
10.40595,56.0,47729,UDP,benign,5.3815
10.78769,,28725,TCP,benign,5.0057
26.55494,1183.0,1327326,UDP,suspicious,44.5492
1.63643,55.0,27502,TCP,benign,33.6097
8.8786,45.0,28476,TCP,benign,5.0684
0.66965,62.0,42645,TCP,benign,92.586
1.79117,36.0,21558,TCP,benign,20.0985
136.98818,3524.0,4870168,udp,suspicious,25.7248
7.56,57.0,26399,TCP,benign,7.5397
0.40961,2.0,80,TCP,suspicious,4.8827
151.38787,3117.0,3939888,UDP,suspicious,20.5895
221.80397,2360.0,2827280,udp,suspicious,10.64
1.01868,43.0,17261,udp,benign,42.2116
0.06556,2.0,100,TCP,suspicious,30.5056
126.81806,1409.0,1569626,UDP,suspicious,11.1104
1.13002,67.0,36324,UDP,benign,59.2909
2.99867,72.0,38047,UDP,benign,24.0106
216.96238,1583.0,2194038,UDP,suspicious,7.2962
,71.0,44781,TCP,benign,35.3898
19.05097,12.0,5693,TCP,benign,0.6299
1.61707,32.0,21032,TCP,benign,19.7889
1.79881,21.0,13807,TCP,benign,11.6744
6.16595,62.0,34176,TCP,benign,10.0552
0.75395,77.0,50504,TCP,benign,102.1289
44.1383,3537.0,3915459,UDP,suspicious,80.1345
14.10347,1265.0,1481315,udp,suspicious,89.6943
1.77482,43.0,26164,TCP,benign,24.2278
2.6787,58.0,26000,TCP,benign,21.6523
0.22476,55.0,36200,UDP,benign,244.7014
6.08194,38.0,27438,TCP,benign,6.248
3.63281,47.0,27020,TCP,benign,12.9377
250.88189,2599.0,3394294,UDP,suspicious,10.3595
5.06877,21.0,12325,TCP,benign,4.143
0.3576,60.0,33787,TCP,benign,167.7843
5.99094,54.0,34647,TCP,benign,9.0136
2.38109,52.0,27379,TCP,benign,21.8387
69.81762,3097.0,3611102,UDP,suspicious,44.3584
12.12427,44.0,19026,TCP,benign,3.6291
15.26865,38.0,22931,TCP,benign,2.4888
7.6246,60.0,26224,TCP,benign,7.8693
0.95517,60.0,42209,TCP,benign,62.8162
1.24344,41.0,17558,TCP,benign,32.9729
,40.0,30868,TCP,benign,7.4538
5.18348,45.0,28444,TCP,benign,8.6814
38.56352,63.0,40410,TCP,benign,1.6337
2.64484,67.0,49697,TCP,benign,25.3323
6.64151,69.0,32370,TCP,benign,10.3892
12.84376,41.0,31177,TCP,benign,3.1922
7.466,30.0,18012,TCP,benign,4.0182
0.25432,1.0,48,TCP,suspicious,3.932
1.78731,64.0,37414,TCP,benign,35.808
0.92443,61.0,37338,Tcp,benign,65.9869
1.02071,25.0,16534,TCP,benign,24.4929
0.26996,33.0,21106,TCP,benign,122.2389
0.2338,69.0,40849,Tcp,benign,295.1301
,49.0,33650,TCP,benign,12.1139
1.2457,24.0,14811,TCP,benign,19.2662
17.07043,52.0,31571,TCP,benign,3.0462
1.39152,54.0,34330,TCP,benign,38.8064
0.43425,4.0,232,TCP,suspicious,9.2113
25.57467,,44526,TCP,benign,3.2454
0.01963,3.0,177,TCP,suspicious,152.8248
10.61025,24.0,14647,UDP,benign,2.262
,71.0,51910,TCP,benign,17.0455
0.63111,66.0,41979,TCP,benign,104.577
-1.0,13.0,7276,TCP,benign,8.4285
219.22444,2193.0,2416686,UDP,suspicious,10.0034
1.50519,18.0,11551,UDP,benign,11.9587
282522.00186,3271.0,4360243,UDP,suspicious,11.5779
0.08654,28.0,15010,TCP,benign,323.5503
0.4788,,10256,Tcp,benign,43.8597
229.12339,4843.0,5990791,UDP,suspicious,21.1371
3.61911,53.0,27646,TCP,benign,14.6445
1.37523,17.0,11224,TCP,benign,12.3616
4.2169,38.0,26619,UDP,benign,9.0114
21.48546,2611.0,3412577,UDP,suspicious,121.5241
5.0987,47.0,29051,TCP,benign,9.218
176.66299,3714.0,4122540,UDP,suspicious,21.0231
122.38419,2964.0,4069572,UDP,suspicious,24.2188
0.71075,49.0,29416,UDP,benign,68.9411
0.19159,57.0,33282,TCP,benign,297.5148
200.13055,1777.0,2349194,UDP,suspicious,8.8792
,22.0,13767,TCP,benign,18.7506
44.87326,3279.0,3728223,UDP,suspicious,73.0725
8.12832,31.0,16593,UDP,benign,3.8138
0.04653,57.0,34087,tcp,benign,1225.0494
151.9519,2134.0,2793406,UDP,suspicious,14.0439
5.29409,59.0,31438,TCP,benign,11.1445
0.39884,2.0,100,TCP,suspicious,5.0145
44.09765,1204.0,1511020,UDP,suspicious,27.303
0.3659,3.0,126,TCP,suspicious,8.1989
2.59038,31.0,24334,TCP,benign,11.9674
8.15251,63.0,46195,TCP,benign,7.7277
55.47305,2085.0,2274735,UDP,suspicious,37.5858
0.21582,,51,TCP,suspicious,4.6335
29.37281,2972.0,3887376,UDP,suspicious,101.182
2.23138,21.0,15519,TCP,benign,9.4112
9.19267,54.0,36263,UDP,benign,5.8742
13.84927,53.0,27926,UDP,benign,3.8269
284.91955,1171.0,1624177,UDP,suspicious,4.1099
4.79834,68.0,39496,TCP,benign,14.1716
0.85035,65.0,37102,TCP,benign,76.4395
4.01214,14.0,8101,TCP,benign,3.4894
3.53455,,18971,TCP,benign,9.6193
2.72672,7.0,3281,TCP,benign,2.5672
9.89385,43.0,30006,TCP,benign,4.3461
7.69338,69.0,43192,Tcp,benign,8.9687
0.26884,2.0,90,TCP,suspicious,7.4395
288.69686,1707.0,1845267,UDP,suspicious,5.9128
0.39057,1.0,44,TCP,suspicious,2.5604
3.54131,58.0,36802,TCP,benign,16.3781
4.07104,20.0,11624,TCP,benign,4.9127
3.80261,62.0,33871,TCP,benign,16.3046
2.93523,21.0,13372,TCP,benign,7.1545
6.06462,40.0,23568,TCP,benign,6.5956
0.2584,,13043,TCP,benign,96.7488
2.56523,47.0,30843,TCP,benign,18.322
8.41578,51.0,29043,UDP,benign,6.06
,65.0,35787,TCP,benign,25.1181
5.45185,19.0,12693,TCP,benign,3.4851
1.7932,60.0,35050,TCP,benign,33.4598
4.4606,42.0,27855,UDP,benign,9.4158
0.25574,1.0,49,TCP,suspicious,3.9102
1.0233,61.0,32143,Tcp,benign,59.6111
2.544,38.0,12154,UDP,benign,14.9371
166.71792,1311.0,1761984,UDP,suspicious,7.8636
5.99153,33.0,19534,TCP,benign,5.5078
0.59558,73.0,49843,TCP,benign,122.5691
5.83685,1.0,575,tcp,benign,0.1713
8.82075,,17825,Tcp,benign,3.2877
153.82706,4750.0,6498000,UDP,suspicious,30.8788
5.35792,51.0,20151,TCP,benign,9.5186
9.95596,52.0,24753,TCP,benign,5.223
139.86349,2574.0,2767050,UDP,suspicious,18.4037
174.52768,1836.0,2467584,UDP,suspicious,10.5198
-1.0,3085.0,4004330,UDP,suspicious,15.3214
4.73162,79.0,43106,Tcp,benign,16.6962
0.16471,3.0,168,TCP,suspicious,18.2137
13.73979,50.0,37485,TCP,benign,3.6391
18.14038,69.0,48167,tcp,benign,3.8037
6.88506,34.0,21423,Tcp,benign,4.9382
2.95379,35.0,25824,UDP,benign,11.8492
0.38565,2.0,98,TCP,suspicious,5.1861
3.76521,4.0,2576,UDP,benign,1.0624
4.92857,61.0,32678,TCP,benign,12.3768
1.35853,49.0,27591,TCP,benign,36.0685
1.84072,64.0,41565,TCP,benign,34.7691
0.43041,4.0,180,TCP,suspicious,9.2935
0.12516,2.0,92,TCP,suspicious,15.9794
0.40017,1.0,53,TCP,suspicious,2.499
9.73502,61.0,35029,UDP,benign,6.266
2.31392,101.0,53328,TCP,benign,43.6488
4.93933,50.0,16220,TCP,benign,10.1228
16.96391,57.0,29282,TCP,benign,3.3601
0.17206,4.0,164,TCP,suspicious,23.2473
0.27835,1.0,52,TCP,suspicious,3.5926
1.33276,,27282,TCP,benign,33.0143
,2998.0,3177880,UDP,suspicious,10.2235
9.061,,42708,TCP,benign,6.1803
,3344.0,4046240,UDP,suspicious,68.3005
209.47913,1060.0,1149040,UDP,suspicious,5.0602
9.81211,63.0,44443,TCP,benign,6.4206
20.06075,30.0,18676,UDP,benign,1.4955
5.99081,45.0,31589,UDP,benign,7.5115
1.59842,29.0,8830,TCP,benign,18.1429
13.88416,78.0,40084,TCP,benign,5.6179
7.90956,72.0,38297,TCP,benign,9.1029
0.17226,4.0,196,TCP,suspicious,23.2202
0.22811,,144,TCP,suspicious,13.1516
0.00517,40.0,32533,UDP,benign,7732.789
4.34396,33.0,16176,TCP,benign,7.5967
0.35743,2.0,92,TCP,suspicious,5.5955
0.22926,2.0,88,TCP,suspicious,8.7238
7.01619,56.0,33828,TCP,benign,7.9815
65.53641,1949.0,2399219,UDP,suspicious,29.7392
0.47591,44.0,22598,TCP,benign,92.4537
212.95354,3467.0,4742856,UDP,suspicious,16.2805
6.01245,50.0,33298,TCP,benign,8.3161
0.19776,59.0,41887,UDP,benign,298.3371
270.08161,3705.0,3856905,UDP,suspicious,13.7181
0.06411,2.0,84,TCP,suspicious,31.1974
2.85081,54.0,24528,TCP,benign,18.942
0.68653,41.0,20103,TCP,benign,59.7206
1.91283,27.0,17939,TCP,benign,14.1152
2.6305,55.0,30453,UDP,benign,20.9085
1.92039,42.0,26687,TCP,benign,21.8705
,3551.0,3863488,udp,suspicious,14.8004
1.70689,31.0,18665,TCP,benign,18.1617
11.40393,10.0,5653,UDP,benign,0.8769
0.04225,80.0,35922,TCP,benign,1893.4095
0.59845,75.0,55215,TCP,benign,125.3247
0.37723,4.0,196,TCP,suspicious,10.6036
1.90784,71.0,42104,TCP,benign,37.2148
12.27632,1625.0,2179125,UDP,suspicious,132.3686
0.2135,33.0,19184,TCP,benign,154.5685
0.09367,,28398,TCP,benign,512.462
12.76462,50.0,22010,TCP,benign,3.9171
17.70305,74.0,50416,udp,benign,4.1801
2.12236,61.0,38206,TCP,benign,28.7416
1.64179,79.0,40901,TCP,benign,48.1183
4.91717,6.0,3079,TCP,benign,1.2202
1.46061,39.0,20474,tcp,benign,26.7012
0.94106,25.0,17987,TCP,benign,26.5659
3.27329,79.0,54750,TCP,benign,24.1348
2.86678,42.0,24578,UDP,benign,14.6506
3.24063,43.0,26169,TCP,benign,13.269
3.8825,62.0,47158,TCP,benign,15.9691
7.8116,84.0,57578,TCP,benign,10.7532
62.10733,3760.0,4726320,UDP,suspicious,60.5404
9.39911,27.0,16176,UDP,benign,2.8726
10.09676,29.0,16109,TCP,benign,2.8722
3.93844,32.0,12649,TCP,benign,8.125
173.72521,2346.0,2906694,UDP,suspicious,13.5041
0.02975,32.0,16861,TCP,benign,1075.5541
0.27088,1.0,41,TCP,suspicious,3.6916
4.45841,47.0,17162,TCP,benign,10.5419
5.19029,102.0,70686,UDP,benign,19.6521
3.0861,51.0,27264,TCP,benign,16.5257
0.75323,37.0,16850,TCP,benign,49.122
4.92664,15.0,10398,UDP,benign,3.0447
133.49008,3672.0,4446792,udp,suspicious,27.5077
,52.0,28697,TCP,benign,27.7344
4.80678,13.0,8112,TCP,benign,2.7045
2.5648,40.0,13913,TCP,benign,15.5958
20.99882,31.0,13458,tcp,benign,1.4763
6.005,52.0,27367,UDP,benign,8.6595
4.99383,66.0,35117,TCP,benign,13.2163
3.50744,69.0,40848,UDP,benign,19.6725
4.91717,6.0,3079,TCP,benign,1.2202
22.93225,37.0,20883,UDP,benign,1.6134
19.65815,73.0,43429,Tcp,benign,3.7135
137.46575,1628.0,1741960,UDP,suspicious,11.843
3.34556,64.0,46549,UDP,benign,19.1298
2.32351,38.0,22088,TCP,benign,16.3546
1.1154,34.0,31518,tcp,benign,30.4823
0.36566,1.0,52,TCP,suspicious,2.7348
1.03691,20.0,14468,UDP,benign,19.2882
2.82681,39.0,28518,TCP,benign,13.7965
0.64262,53.0,38397,TCP,benign,82.4742
0.01642,3.0,144,TCP,suspicious,182.7004
0.0727,3.0,162,TCP,suspicious,41.2642
1.39671,62.0,36651,TCP,benign,44.3901
249.66779,4241.0,4652377,UDP,suspicious,16.9866
0.19224,30.0,17733,TCP,benign,156.0585
8.12732,4.0,2962,TCP,benign,0.4922
4.32613,56.0,36567,TCP,benign,12.9446
0.59755,47.0,30779,TCP,benign,78.6543
260.94712,2596.0,3239808,UDP,suspicious,9.9484
10.73657,40.0,29251,TCP,benign,3.7256
0.04011,53.0,34466,udp,benign,1321.4675
2.93375,50.0,44407,TCP,benign,17.043
0.40423,44.0,23630,UDP,benign,108.8499
1.29127,68.0,33060,TCP,benign,52.6612
0.74386,37.0,26670,TCP,benign,49.7403
1.00092,41.0,22306,TCP,benign,40.9625
11.60961,71.0,50317,TCP,benign,6.1156
0.38472,2.0,112,TCP,suspicious,5.1986
5.94903,53.0,31652,TCP,benign,8.909
7.83972,48.0,31537,TCP,benign,6.1227
15.46024,34.0,14028,TCP,benign,2.1992
4.70443,30.0,16256,TCP,benign,6.377
169.99197,2359.0,2712850,UDP,suspicious,13.8771
5.93872,39.0,25981,TCP,benign,6.5671
1.54328,48.0,24381,TCP,benign,31.1026
7.15852,,34572,Tcp,benign,8.5213
169.2913,2274.0,2640114,udp,suspicious,13.4325
144.53575,2323.0,2906073,UDP,suspicious,16.0721
0.16599,4.0,204,TCP,suspicious,24.0981
7.45666,14.0,10377,TCP,benign,1.8775
142.44378,2393.0,2996036,UDP,suspicious,16.7996
4.52689,39.0,32782,TCP,benign,8.6152
0.32985,51.0,37108,TCP,benign,154.6135
2.89449,30.0,15779,TCP,benign,10.3645
0.40308,2.0,80,TCP,suspicious,4.9618
266.70073,1927.0,2212196,UDP,suspicious,7.2253
0.05719,1.0,56,TCP,suspicious,17.4867
,47.0,26417,TCP,benign,21.597
2.51262,68.0,41819,udp,benign,27.0634
2.90473,44.0,22508,TCP,benign,15.1477
34.96304,4018.0,4640790,UDP,suspicious,114.9214
0.69772,75.0,50155,UDP,benign,107.4924
2491.78104,52.0,38683,TCP,benign,20.8686
0.4989,1.0,46,TCP,suspicious,2.0044
10.59132,41.0,24993,TCP,benign,3.8711
9.3197,55.0,35175,UDP,benign,5.9015
0.2272,1.0,43,TCP,suspicious,4.4014
0.11413,1.0,57,TCP,suspicious,8.7616
13.22617,50.0,32996,TCP,benign,3.7804
0.36987,2.0,80,TCP,suspicious,5.4073
190.41474,4703.0,5996325,UDP,suspicious,24.6987
3.51068,77.0,35682,TCP,benign,21.9331
7.55299,51.0,36294,TCP,benign,6.7523
1.93967,8.0,4184,TCP,benign,4.1244
0.4223,55.0,36317,UDP,benign,130.2386
-1.0,40.0,19839,TCP,benign,20.9522
2.9231,15.0,7559,TCP,benign,5.1315
0.27386,2.0,110,TCP,suspicious,7.3031
1.11011,41.0,22891,udp,benign,36.9333
6.58908,22.0,13529,TCP,benign,3.3389
5.73593,78.0,48606,Tcp,benign,13.5985
7.14587,45.0,26230,UDP,benign,6.2973
8.06325,47.0,32616,TCP,benign,5.8289
2.39554,32.0,22199,TCP,benign,13.3582
293.35043,2518.0,2920880,UDP,suspicious,8.5836
2.59046,57.0,31619,TCP,benign,22.0038
6.35331,55.0,29899,UDP,benign,8.6569
0.24579,4.0,224,TCP,suspicious,16.2742
21.06545,73.0,49621,TCP,benign,3.4654
0.04908,4.0,208,TCP,suspicious,81.5027
6.00127,49.0,25874,TCP,benign,8.1649
0.40846,60.0,36693,Tcp,benign,146.8925
4.80678,13.0,8112,TCP,benign,2.7045
64.65468,1424.0,1455328,UDP,suspicious,22.0247
6.05506,35.0,14408,TCP,benign,5.7803
0.39661,1.0,51,TCP,suspicious,2.5214
4.40252,42.0,18063,TCP,benign,9.54
0.45136,1.0,43,TCP,suspicious,2.2155
2.18704,27.0,18095,UDP,benign,12.3455
0.84259,78.0,49412,TCP,benign,92.5719
0.31262,89.0,51309,tcp,benign,284.6867
0.39392,52.0,19379,TCP,benign,132.0053
232.72672,2146.0,2407812,UDP,suspicious,9.2211
5.17036,69.0,43568,TCP,benign,13.3453
102.52753,,3239244,UDP,suspicious,29.5823
3.78863,68.0,39192,TCP,benign,17.9485
3.47555,40.0,24287,TCP,benign,11.509
2.9888,30.0,19129,tcp,benign,10.0375
0.23272,3.0,144,TCP,suspicious,12.8909
-1.0,2.0,104,tcp,suspicious,5.3396
193.74834,4878.0,6204816,UDP,suspicious,25.177
4.58299,90.0,31159,TCP,benign,19.6378
24.73221,38.0,14495,TCP,benign,1.5365
6.1256,45.0,27824,TCP,benign,7.3462
0.09056,31.0,22244,TCP,benign,342.3074
112.74558,4395.0,5735475,udp,suspicious,38.9816
0.12125,63.0,34523,UDP,benign,519.5865
,50.0,18789,TCP,benign,119.8092
233.0876,1366.0,1503966,UDP,suspicious,5.8605
1.70892,24.0,14697,TCP,benign,14.044
14.23475,62.0,39819,TCP,benign,4.3555
2.30361,18.0,9227,TCP,benign,7.8138
10.26352,66.0,44083,TCP,benign,6.4305
1.64112,64.0,38121,TCP,benign,38.9977
0.18625,4.0,176,TCP,suspicious,21.4769
274.5577,4756.0,5854636,UDP,suspicious,17.3224
244.97988,2454.0,2768112,UDP,suspicious,10.0171
9.19953,39.0,26687,TCP,benign,4.2393
2.50117,53.0,29684,Tcp,benign,21.1901
0.8244,60.0,42777,TCP,benign,72.7805
72.66922,1813.0,2500127,UDP,suspicious,24.9487
14.71539,73.0,41485,TCP,benign,4.9608
0.67295,22.0,16145,TCP,benign,32.6919
1.10644,48.0,25429,TCP,benign,43.3825
3.8608,77.0,44615,TCP,benign,19.944
262.70857,1204.0,1409884,UDP,suspicious,4.583
59.64968,3881.0,5282041,UDP,suspicious,65.0632
10.73185,69.0,45081,UDP,benign,6.4295
0.74074,93.0,53164,TCP,benign,125.5506
3.67576,16.0,8984,Tcp,benign,4.3528
30.38864,60.0,36171,TCP,benign,1.9744
6.42792,39.0,19202,UDP,benign,6.0673
2.28491,49.0,30558,TCP,benign,21.4451
1.17296,86.0,51217,TCP,benign,73.3185
0.13521,1.0,54,Tcp,suspicious,7.3958
7.81427,52.0,34015,UDP,benign,6.6545
133.71821,,4931273,UDP,suspicious,35.7692
4.46924,47.0,28517,TCP,benign,10.5163
0.03897,3.0,159,Tcp,suspicious,76.9737
1.7495,30.0,9867,UDP,benign,17.1477
5.88069,59.0,31335,TCP,benign,10.0328
1.50944,30.0,19616,UDP,benign,19.875
66.6215,1491.0,2070999,UDP,suspicious,22.3802
0.20545,2.0,92,TCP,suspicious,9.7348
0.02014,26.0,20558,UDP,benign,1291.2542
90.24648,3223.0,3422826,UDP,suspicious,35.7133
4.32311,56.0,43084,UDP,benign,12.9536
119.13968,1559.0,1658776,udp,suspicious,13.0855
236.33918,,4436962,UDP,suspicious,17.6611
15.18316,70.0,42349,TCP,benign,4.6104
217181.51501,2224.0,2800016,UDP,suspicious,10.2403
0.09539,1.0,59,TCP,suspicious,10.4831
0.0902,22.0,14038,TCP,benign,243.9067
125.63629,4140.0,5489640,UDP,suspicious,32.9523
2.0878,33.0,16039,TCP,benign,15.8061
1.88396,55.0,34130,TCP,benign,29.1938
12.55712,54.0,25645,UDP,benign,4.3004
0.40534,1.0,56,TCP,suspicious,2.4671
8.09831,52.0,31060,tcp,benign,6.4211
6.24558,24.0,14202,TCP,benign,3.8427
0.36968,4.0,180,TCP,suspicious,10.8203
0.20838,23.0,11521,TCP,benign,110.3734
9.11036,46.0,19882,TCP,benign,5.0492
2.85245,49.0,32176,TCP,benign,17.1782
0.01662,2.0,110,TCP,suspicious,120.3155
6.6023,56.0,37073,TCP,benign,8.4819
1.7038,88.0,49607,UDP,benign,51.6493
12.6532,28.0,19260,TCP,benign,2.2129
1.63823,50.0,28028,TCP,benign,30.5207
0.27438,2.0,108,TCP,suspicious,7.2892
1.65899,69.0,47113,UDP,benign,41.5917
3.83549,14.0,7638,UDP,benign,3.6501
7.84318,61.0,30518,TCP,benign,7.7775
2.26616,,12366,TCP,benign,10.1493
1.30064,58.0,43486,TCP,benign,44.5936
5.22629,41.0,28705,TCP,benign,7.845
0.26556,3.0,141,TCP,suspicious,11.2968
1.51641,54.0,29656,TCP,benign,35.6104
6.8315,55.0,32397,TCP,benign,8.0509
193.19476,1979.0,2552910,UDP,suspicious,10.2435
1.03094,74.0,41158,TCP,benign,71.7789
7.78292,69.0,40866,TCP,benign,8.8656
1.30821,47.0,31340,TCP,benign,35.9268
12.12492,13.0,8835,Tcp,benign,1.0722
0.40637,4.0,216,TCP,suspicious,9.8434
2.06566,42.0,29627,UDP,benign,20.3325
0.8681,30.0,17295,TCP,benign,34.5583
5.64269,36.0,24184,TCP,benign,6.3799
9.45077,85.0,65495,TCP,benign,8.994
,2.0,92,TCP,suspicious,6.2651
0.44655,3.0,165,TCP,suspicious,6.7182
5.24387,54.0,33567,TCP,benign,10.2977
,81.0,55932,TCP,benign,13.375
1.4301,39.0,29259,UDP,benign,27.2707
9.986,32.0,21945,TCP,benign,3.2045
4.35066,77.0,55259,TCP,benign,17.6985
0.26118,42.0,35436,TCP,benign,160.8077
10.23156,20.0,14256,TCP,benign,1.9547
5.90172,52.0,29909,TCP,benign,8.811
1.57673,46.0,27931,TCP,benign,29.1744
289.29675,4538.0,5899400,UDP,suspicious,15.6863
21.00437,1988.0,2705668,UDP,suspicious,94.647
0.85585,66.0,33732,Tcp,benign,77.1166
6.08356,27.0,15931,TCP,benign,4.4382
0.57065,45.0,34149,TCP,benign,78.8574
0.34297,2.0,112,TCP,suspicious,5.8314
0.26422,1.0,50,TCP,suspicious,3.7848
0.84902,67.0,50316,TCP,benign,78.9147
1.90929,53.0,41631,Tcp,benign,27.7591
1.67134,43.0,27045,TCP,benign,25.7279
258.60575,4583.0,5879989,UDP,suspicious,17.722
0.07606,52.0,31810,TCP,benign,683.6343
0.24567,3.0,156,TCP,suspicious,12.2114
2.15334,35.0,19663,TCP,benign,16.2538
195.91526,2849.0,3663814,UDP,suspicious,14.542
2.62577,17.0,12098,TCP,benign,6.4743
1.68292,36.0,19658,TCP,benign,21.3913
0.12115,49.0,26767,TCP,benign,404.4693
0.09712,58.0,25553,UDP,benign,597.2164
143.97326,3478.0,4830942,UDP,suspicious,24.1573
12.99147,1182.0,1556694,UDP,suspicious,90.9828
5.02072,26.0,19876,TCP,benign,5.1785
17.51823,56.0,31621,TCP,benign,3.1967
1.20374,,41468,Tcp,benign,61.4752
1.26368,43.0,19175,TCP,benign,34.0276
0.23746,67.0,43427,TCP,benign,282.155
9.75786,7.0,4339,TCP,benign,0.7174
217.85186,3099.0,3142386,UDP,suspicious,14.2253
92.74697,2837.0,3032753,UDP,suspicious,30.5886
1.68051,46.0,23578,Tcp,benign,27.3727
9.84712,32.0,22891,TCP,benign,3.2497
0.8273,37.0,25314,TCP,benign,44.7238
0.40762,2.0,92,TCP,suspicious,4.9065
5.5627,43.0,25279,UDP,benign,7.7301
4.91276,61.0,36285,TCP,benign,12.4166
1.41053,53.0,38344,TCP,benign,37.5746
0.79594,66.0,37272,TCP,benign,82.921
56.47988,4735.0,4943340,UDP,suspicious,83.8352
12.76757,66.0,41413,TCP,benign,5.1693
6.8835,41.0,22833,TCP,benign,5.9563
0.05191,4.0,236,TCP,suspicious,77.0615
2.26597,64.0,37696,TCP,benign,28.244
1.00709,73.0,47104,TCP,benign,72.4863
,53.0,31320,Tcp,benign,19.2059
4.682,,31376,tcp,benign,12.6015
256.45945,2969.0,3031349,UDP,suspicious,11.5769
,68.0,40760,TCP,benign,29.2284
11.78465,51.0,31337,UDP,benign,4.3277
,57.0,36468,TCP,benign,10414.5499
3.73708,48.0,25573,Tcp,benign,12.8443
5.49409,73.0,38528,TCP,benign,13.287
6.1551,52.0,26630,tcp,benign,8.4483
1.09455,32.0,21967,TCP,benign,29.2358
296.88478,4163.0,4920666,udp,suspicious,14.0223
2.04059,57.0,34607,UDP,benign,27.9331
6.52887,30.0,18921,Tcp,benign,4.595
6.88086,46.0,20843,TCP,benign,6.6852
4.50242,71.0,23023,TCP,benign,15.7693
284.60213,2960.0,3667440,UDP,suspicious,10.4005
213.39902,4017.0,5029284,UDP,suspicious,18.8239
9.07602,78.0,42578,TCP,benign,8.5941
0.44473,4.0,200,TCP,suspicious,8.9942
17.46975,57.0,39711,UDP,benign,3.2628
0.27247,,33474,TCP,benign,201.8593
5.13399,77.0,47772,TCP,benign,14.9981
247.0415,2371.0,3018283,UDP,suspicious,9.5976
,1.0,42,TCP,suspicious,5.0153
8.56099,58.0,38116,TCP,benign,6.7749
2.74475,42.0,23975,UDP,benign,15.3019
16.69633,52.0,30284,TCP,benign,3.1145
3.39678,59.0,34480,UDP,benign,17.3694
2.91733,54.0,40020,TCP,benign,18.5101
17.12859,70.0,44361,UDP,benign,4.0867
13.49979,54.0,30443,TCP,benign,4.0001
5.49536,46.0,26259,TCP,benign,8.3707
0.26884,2.0,90,TCP,suspicious,7.4395
1.74527,54.0,34699,TCP,benign,30.9408
4.35957,22.0,10728,TCP,benign,5.0464
0.31275,84.0,49123,TCP,benign,268.5863
11.31866,35.0,14767,TCP,benign,3.0922
11.58381,40.0,18895,TCP,benign,3.4531
,3.0,174,TCP,suspicious,15.7833
3.23177,64.0,46077,TCP,benign,19.8034
0.64045,52.0,20450,UDP,benign,81.1932
2.87121,49.0,37500,UDP,benign,17.066
85.13715,4799.0,5475659,UDP,suspicious,56.3679
102.35515,2343.0,2942808,UDP,suspicious,22.8909
68.77311,4804.0,5563032,UDP,suspicious,69.8529
5.1146,16.0,8964,TCP,benign,3.1283
2.02663,53.0,32725,UDP,benign,26.1518
6.59279,74.0,45198,TCP,benign,11.2244
3.3917,9.0,5422,TCP,benign,2.6535
8.26979,109.0,68664,TCP,benign,13.1805
53.82433,3251.0,3322522,UDP,suspicious,60.4002
,62.0,44223,UDP,benign,69.8157
,18.0,8839,TCP,benign,48.1912
2.27939,26.0,16999,TCP,benign,11.4066
3.21509,57.0,46086,TCP,benign,17.7289
0.90692,73.0,45247,TCP,benign,80.4918
0.60966,16.0,8289,TCP,benign,26.2441
138.06628,2832.0,3236976,UDP,suspicious,20.5119
16.33269,51.0,40587,TCP,benign,3.1226
0.12466,4.0,160,TCP,suspicious,32.0871
3.06811,59.0,35260,TCP,benign,19.2301
13.43413,53.0,28307,TCP,benign,3.9452
24.35106,55.0,39567,UDP,benign,2.2586
123.05693,1198.0,1333374,UDP,suspicious,9.7353
1.43577,57.0,24769,TCP,benign,39.6999
0.33746,3.0,159,TCP,suspicious,8.89
17.12409,62.0,38976,TCP,benign,3.6206
5.87813,,15899,TCP,benign,4.2531
4.56816,49.0,40459,UDP,benign,10.7264
1.11011,41.0,22891,UDP,benign,36.9333
4.45602,,53131,TCP,benign,19.7486
2.05319,41.0,24615,TCP,benign,19.9689
3.667,60.0,43417,TCP,benign,16.3621
0.16323,4.0,228,TCP,suspicious,24.506
,58.0,29237,TCP,benign,134.0393
130.14863,2666.0,3468466,UDP,suspicious,20.4843
4.60915,47.0,35579,TCP,benign,10.1971
1.45082,13.0,8767,TCP,benign,8.9604
5.15026,,9567,TCP,benign,3.3008
12.49532,68.0,37715,UDP,benign,5.442
2.22289,59.0,40475,tcp,benign,26.542
,1.0,627,TCP,benign,0.2015
178.10756,3187.0,3614058,UDP,suspicious,17.8937
11.72843,1.0,625,tcp,benign,0.0853
12.44308,33.0,22092,UDP,benign,2.6521
0.19668,32.0,20377,TCP,benign,162.7032
3.05161,73.0,46446,TCP,benign,23.9218
,49.0,30665,TCP,benign,17.4946
3.02242,65.0,43553,TCP,benign,21.5059
8.79713,25.0,11966,TCP,benign,2.8418
267.15995,2973.0,3291111,UDP,suspicious,11.1282
3.91305,38.0,21771,TCP,benign,9.7111
0.1051,60.0,42938,TCP,benign,570.8763
17.82641,51.0,28406,TCP,benign,2.8609
12.27364,60.0,36834,UDP,benign,4.8885
0.30936,2.0,88,TCP,suspicious,6.4651
5.29266,3.0,2406,tcp,benign,0.5668
,22.0,13930,TCP,benign,27.1849
4.80939,65.0,26144,TCP,benign,13.5152
0.45601,3.0,177,TCP,suspicious,6.5789
1.99101,53.0,30982,TCP,benign,26.6197
9.98745,66.0,47035,TCP,benign,6.6083
0.30159,2.0,90,TCP,suspicious,6.6315
5.22232,30.0,22888,UDP,benign,5.7446
9.11782,4.0,2579,TCP,benign,0.4387
,74.0,45896,TCP,benign,4.4501
1.06437,47.0,32198,UDP,benign,44.1577
,89.0,50925,UDP,benign,29.2003
0.14346,,37435,TCP,benign,508.8513
189.24908,4672.0,5097152,UDP,suspicious,24.687
3.03236,91.0,46945,TCP,benign,30.0097
8.12539,33.0,26615,TCP,benign,4.0613
2.99072,44.0,32613,TCP,benign,14.7122
8.44438,49.0,29603,TCP,benign,5.8027
1.09736,41.0,23754,TCP,benign,37.3624
8.76107,36.0,22018,TCP,benign,4.1091
26.12783,44.0,25461,TCP,benign,1.684
0.33483,4.0,180,TCP,suspicious,11.9465
5.82881,75.0,52455,UDP,benign,12.8671
4.73525,50.0,27227,TCP,benign,10.5591
213.22461,4491.0,5133213,UDP,suspicious,21.0623
77.65962,4511.0,5485376,UDP,suspicious,58.0868
22.44477,68.0,45079,TCP,benign,3.0297
3.17422,71.0,47076,TCP,benign,22.3677
38.07886,1184.0,1425536,UDP,suspicious,31.0934
5.1178,51.0,22209,TCP,benign,9.9652
0.81283,10.0,4082,TCP,benign,12.3027
1.91561,42.0,21178,TCP,benign,21.9252
4.31208,42.0,26966,TCP,benign,9.7401
0.1736,3.0,144,TCP,suspicious,17.2807
1.01726,56.0,34699,TCP,benign,55.0497
178.93388,3255.0,4019925,udp,suspicious,18.1911
0.01056,,192,tcp,suspicious,378.962
0.25598,1.0,41,TCP,suspicious,3.9065
0.84675,53.0,29699,udp,benign,62.5922
,,19864,TCP,benign,26.7503
3.47692,78.0,44475,UDP,benign,22.4337
295.06394,1319.0,1760865,UDP,suspicious,4.4702
259.26554,2915.0,4025615,UDP,suspicious,11.2433
3.59092,23.0,12753,UDP,benign,6.405
9.98248,72.0,48392,TCP,benign,7.2126
5.91565,53.0,27679,UDP,benign,8.9593
280.79884,1949.0,2182880,UDP,suspicious,6.9409
4.25403,62.0,42442,TCP,benign,14.5744
7.12746,81.0,42822,Tcp,benign,11.3645
2.0418,27.0,16709,UDP,benign,13.2237
1.79025,48.0,21814,TCP,benign,26.8119
12.50768,56.0,26276,tcp,benign,4.4773
4.69398,60.0,31837,TCP,benign,12.7823
0.17196,4.0,224,TCP,suspicious,23.2616
0.08499,,21731,UDP,benign,494.1729
4.96354,48.0,28180,TCP,benign,9.6705
165.09651,2926.0,4011546,UDP,suspicious,17.723
7.42477,58.0,39725,TCP,benign,7.8117
1.22931,69.0,38552,TCP,benign,56.1289
2.2338,45.0,24979,TCP,benign,20.1451
227.18753,4406.0,5595620,UDP,suspicious,19.3937
0.78837,2.0,1111,TCP,benign,2.5369
0.05891,41.0,20655,TCP,benign,695.9852
0.39194,41.0,27224,TCP,benign,104.6082
183.83422,2831.0,3003691,UDP,suspicious,15.3997
3.95679,47.0,24024,TCP,benign,11.8783
0.22993,23.0,14448,TCP,benign,100.0294
0.18451,63.0,32756,UDP,benign,341.4412
9.36667,14.0,5636,TCP,benign,1.4947
0.79974,57.0,33047,UDP,benign,71.2733
3.6679,38.0,23015,TCP,benign,10.3602
13.21895,76.0,55489,TCP,benign,5.7493
,72.0,33996,TCP,benign,84.223
0.15396,43.0,18506,tcp,benign,279.2887
1.64855,40.0,16771,TCP,benign,24.2638
2.38442,53.0,25327,TCP,benign,22.2277
0.28717,4.0,184,TCP,suspicious,13.929
3.71548,49.0,30880,TCP,benign,13.1881
2.28238,20.0,10464,TCP,benign,8.7628
12.77125,60.0,33851,udp,benign,4.6981
0.12885,,200,Tcp,suspicious,31.0435
4.56421,79.0,50557,UDP,benign,17.3086
4.41581,50.0,25204,UDP,benign,11.3229
8.33583,28.0,19593,TCP,benign,3.359
2.00931,54.0,40763,TCP,benign,26.8748
0.43447,1.0,43,TCP,suspicious,2.3017
47.44156,,3191352,udp,suspicious,54.4249
,1.0,694,TCP,benign,0.315
0.40895,4.0,160,TCP,suspicious,9.7811
3.27225,87.0,46128,TCP,benign,26.5872
296.09507,2814.0,2963142,UDP,suspicious,9.5037
,51.0,37212,TCP,benign,93.242
0.46951,2.0,90,TCP,suspicious,4.2598
0.40143,1.0,49,Tcp,suspicious,2.4911
6.66769,77.0,45664,TCP,benign,11.5482
97.7609,3437.0,3553858,UDP,suspicious,35.1572
95.55056,2768.0,3548576,UDP,suspicious,28.969
136.20792,2780.0,2827260,UDP,suspicious,20.41
229.80215,2560.0,2895360,UDP,suspicious,11.14
,1.0,55,TCP,suspicious,6.8193
100.66576,1974.0,2544486,UDP,suspicious,19.6094
0.34717,9.0,5684,UDP,benign,25.9237
4.62601,31.0,21560,TCP,benign,6.7012
2.62894,23.0,14762,TCP,benign,8.7488
13.17154,46.0,19274,UDP,benign,3.4924
1.05446,100.0,69321,Tcp,benign,94.835
5.09486,64.0,33408,TCP,benign,12.5617
3.97261,46.0,34486,tcp,benign,11.5793
8.45051,60.0,37489,TCP,benign,7.1002
1.30615,51.0,26727,UDP,benign,39.046
0.11458,4.0,236,TCP,suspicious,34.9099
9.32943,28.0,20956,TCP,benign,3.0013
1.57346,36.0,23477,TCP,benign,22.8795
1.84134,57.0,36034,UDP,benign,30.9557
4.52398,26.0,12288,TCP,benign,5.7472
1.09671,59.0,36249,TCP,benign,53.797
2.09207,55.0,29257,TCP,benign,26.2897
3.85149,55.0,33468,TCP,benign,14.2802
13.99013,36.0,18019,TCP,benign,2.5732
4.22357,54.0,38718,UDP,benign,12.7854
2.98459,,32332,TCP,benign,18.428
2.5183,11.0,7188,TCP,benign,4.368
2.48267,86.0,36494,TCP,benign,34.6401
0.3524,,35046,UDP,benign,130.5342
4.80193,90.0,51120,UDP,benign,18.7425
182.21636,,4313750,UDP,suspicious,23.3239
3.10125,37.0,24731,TCP,benign,11.9307
0.20292,1.0,40,TCP,suspicious,4.928
,2469.0,3281301,UDP,suspicious,12.5689
7.54566,30.0,15899,TCP,benign,3.9758
5.3751,,34757,TCP,benign,11.5347
1.92365,69.0,39320,TCP,benign,35.8694
0.93842,37.0,19063,TCP,benign,39.4279
0.05878,2.0,80,Tcp,suspicious,34.024
7.03762,66.0,45644,TCP,benign,9.3782
0.52289,54.0,33432,TCP,benign,103.2727
9.98122,91.0,45073,TCP,benign,9.1171
0.01805,62.0,39018,TCP,benign,3434.4893
215.44585,4833.0,5185809,UDP,suspicious,22.4326
5.4281,35.0,20419,TCP,benign,6.4479
3.09302,59.0,36839,TCP,benign,19.0752
10.42047,63.0,35315,TCP,benign,6.0458
5.2449,90.0,57615,TCP,benign,17.1595
2.1764,31.0,17520,TCP,benign,14.2437
6.95622,62.0,33957,UDP,benign,8.9129
0.11819,3.0,144,TCP,suspicious,25.3825
3.5382,36.0,14723,TCP,benign,10.1747
9.70595,87.0,64376,TCP,benign,8.9636
2.47233,53.0,29628,TCP,benign,21.4372
92.1494,3928.0,4615400,udp,suspicious,42.6264
0.11351,3.0,147,Tcp,suspicious,26.4284
7.8305,43.0,28749,TCP,benign,5.4913
2.8415,81.0,56528,TCP,benign,28.5061
10.38211,60.0,38041,Tcp,benign,5.7792
0.16971,2.0,102,TCP,suspicious,11.7847
1.50391,41.0,25506,TCP,benign,27.2622
2.36749,,29977,TCP,benign,18.1627
2.58438,89.0,70449,TCP,benign,34.4376
124.40467,2105.0,2808070,UDP,suspicious,16.9206
13.40894,5.0,3342,TCP,benign,0.3729
2.33027,54.0,27353,TCP,benign,23.1733
0.19279,3.0,153,TCP,suspicious,15.5614
250.88189,2599.0,3394294,UDP,suspicious,10.3595
0.23824,4.0,176,TCP,suspicious,16.7896
0.35602,4.0,228,TCP,suspicious,11.2352
5.91931,71.0,61761,UDP,benign,11.9946
5.16025,24.0,13924,TCP,benign,4.6509
14.99705,70.0,32350,TCP,benign,4.6676
6.06558,73.0,32274,TCP,benign,12.0351
82.19785,2044.0,2700124,UDP,suspicious,24.8668
4.07471,87.0,52470,UDP,benign,21.3512
2.49677,13.0,7297,TCP,benign,5.2067
0.41893,3.0,171,TCP,suspicious,7.161
111.90825,3713.0,4114004,UDP,suspicious,33.179
0.8659,55.0,32939,tcp,benign,63.5179
7.96544,78.0,46921,TCP,benign,9.7923
,4.0,168,TCP,suspicious,21.2125
0.10087,4.0,216,TCP,suspicious,39.6554
4.29153,42.0,29499,TCP,benign,9.7867
,79.0,52439,TCP,benign,27.3577
4.01214,14.0,8101,TCP,benign,3.4894
4.55356,65.0,24687,TCP,benign,14.2745
2.40719,29.0,16238,TCP,benign,12.0472
9.46591,39.0,20587,TCP,benign,4.12
9.80921,81.0,40491,TCP,benign,8.2575
3.84892,61.0,40587,udp,benign,15.8486
13.38405,61.0,28876,TCP,benign,4.5577
4.33942,59.0,41297,UDP,benign,13.5963
8.33118,65.0,34033,TCP,benign,7.802
8.60422,66.0,36392,TCP,benign,7.6707
26.41255,4569.0,5418834,UDP,suspicious,172.9859
6.43977,14.0,8203,TCP,benign,2.174
0.20847,1.0,45,TCP,suspicious,4.7968
2.85916,,34471,TCP,benign,17.4876
1.22937,58.0,37019,TCP,benign,47.1785
0.12935,1.0,40,TCP,suspicious,7.7313
288.20065,3488.0,3746112,UDP,suspicious,12.1027
8.84316,58.0,42220,TCP,benign,6.5587
3.138,75.0,42728,TCP,benign,23.9005
0.05682,40.0,21899,TCP,benign,704.0151
5.57898,59.0,34844,TCP,benign,10.5754
5.14394,63.0,44266,TCP,benign,12.2474
1.70447,65.0,31344,TCP,benign,38.1349
203.50671,,4103520,UDP,suspicious,16.196
0.30558,2.0,96,TCP,suspicious,6.5448
3.99879,28.0,17499,UDP,benign,7.0021
120.85483,4243.0,5494685,UDP,suspicious,35.1082
1.81802,14.0,7701,Tcp,benign,7.7007
87.94746,4852.0,5623468,UDP,suspicious,55.1693
0.62431,75.0,39698,TCP,benign,120.1319
2.51086,51.0,29087,TCP,benign,20.3117
0.27835,2.0,82,TCP,suspicious,7.1853
5.34458,33.0,19846,TCP,benign,6.1745
164.41275,,4474250,udp,suspicious,19.7917
6.54025,68.0,51296,TCP,benign,10.3972
0.07377,3.0,135,TCP,suspicious,40.6672
0.53609,86.0,42744,TCP,benign,160.4212
3.78322,74.0,48250,TCP,benign,19.5601
,1.0,42,Tcp,suspicious,5.0153
174.21294,2393.0,2893137,UDP,suspicious,13.7361
13.5373,,24457,Tcp,benign,4.5061
3.65562,52.0,28889,UDP,benign,14.2247
4.8364,28.0,19052,UDP,benign,5.7894
3.47235,56.0,29405,TCP,benign,16.1274
3.5534,29.0,14896,TCP,benign,8.1612
0.26988,1.0,57,TCP,suspicious,3.7053
123.9313,3757.0,5083221,UDP,suspicious,30.3152
3.44729,104.0,63870,TCP,benign,30.1686
164.74548,2865.0,3856290,UDP,suspicious,17.3905
0.02304,77.0,52811,TCP,benign,3342.4038
1.64861,41.0,23657,TCP,benign,24.8694
5.42171,10.0,6067,UDP,benign,1.8444
5.25985,92.0,49570,TCP,benign,17.491
1.47642,,33240,UDP,benign,28.4473
1.64758,69.0,39209,TCP,benign,41.8796
5.4183,80.0,48394,udp,benign,14.7648
20.25058,3628.0,3646140,UDP,suspicious,179.1553
2.41713,47.0,27729,TCP,benign,19.4445
3.19919,78.0,33439,udp,benign,24.3812
10.41776,58.0,36987,TCP,benign,5.5674
0.10131,2.0,114,TCP,suspicious,19.7411
1.30157,40.0,28973,tcp,benign,30.732
8.71589,38.0,33760,TCP,benign,4.3599
0.45504,1.0,59,TCP,suspicious,2.1976
1.44527,27.0,16432,UDP,benign,18.6816
103.58832,3052.0,3317524,UDP,suspicious,29.4628
3.80962,36.0,31600,TCP,benign,9.4498
0.25527,1.0,46,TCP,suspicious,3.9175
10.55541,28.0,16878,TCP,benign,2.6527
15.75589,63.0,34624,TCP,benign,3.9985
118.71097,4788.0,5549292,UDP,suspicious,40.3333
6.41187,48.0,30534,TCP,benign,7.4861
10.1113,94.0,56275,TCP,benign,9.2965
6.3773,46.0,33943,TCP,benign,7.2131
3.60102,27.0,15447,udp,benign,7.4979
,75.0,47373,UDP,benign,110.5618
240.5111,2842.0,3362086,UDP,suspicious,11.8165
6.05955,23.0,13130,TCP,benign,3.7957
6.15566,39.0,21611,TCP,benign,6.3356
0.26548,57.0,34765,UDP,benign,214.705
7.65578,69.0,45537,TCP,benign,9.0128
13.32424,35.0,18611,TCP,benign,2.6268
,3.0,153,TCP,suspicious,9.5975
0.02279,1.0,59,TCP,suspicious,43.8786
6.12955,56.0,32607,UDP,benign,9.1361
1.62665,17.0,7108,UDP,benign,10.4509
3.34672,49.0,30731,TCP,benign,14.6412
2.19137,43.0,24436,TCP,benign,19.6224
136.20792,2780.0,2827260,udp,suspicious,20.41
0.19052,60.0,34155,TCP,benign,314.9223
3.31215,37.0,21116,TCP,benign,11.171
8.78695,25.0,12636,TCP,benign,2.8451
7.92245,62.0,34078,TCP,benign,7.8259
0.34732,50.0,27454,udp,benign,143.9587
0.27688,3.0,126,TCP,suspicious,10.835
7.6853,63.0,34909,TCP,benign,8.1975
0.01691,2.0,96,TCP,suspicious,118.3012
0.42174,68.0,48653,udp,benign,161.2352
0.38347,45.0,12505,TCP,benign,117.3481
2.13503,71.0,44764,TCP,benign,33.2549
0.29685,1.0,52,TCP,suspicious,3.3687
3.54365,46.0,28739,Tcp,benign,12.981
2.30281,34.0,21438,tcp,benign,14.7645
0.24456,2.0,114,TCP,suspicious,8.1781
,50.0,37259,TCP,benign,248.6797
4.27336,49.0,25687,TCP,benign,11.4664
2.15334,35.0,19663,TCP,benign,16.2538
9.0337,42.0,23851,TCP,benign,4.6493
,4.0,220,TCP,suspicious,9.3074
,4938.0,6562602,UDP,suspicious,52.9456
14.66215,1374.0,1760094,UDP,suspicious,93.7106
,41.0,27261,TCP,benign,4.417
0.32377,29.0,15947,TCP,benign,89.5686
0.47433,3.0,129,TCP,suspicious,6.3247
4.16674,46.0,28395,UDP,benign,11.0398
4.72049,50.0,25165,TCP,benign,10.5921
,,34267,TCP,benign,12.1827
0.12094,1.0,51,TCP,suspicious,8.2686
5.55075,54.0,24717,TCP,benign,9.7284
1.09865,45.0,30658,TCP,benign,40.9592
0.11023,28.0,18083,TCP,benign,254.0222
1.57416,54.0,37951,TCP,benign,34.3039
79.66159,1924.0,2060604,UDP,suspicious,24.1522
10.98478,,11926,UDP,benign,2.0938
13.58419,80.0,53650,TCP,benign,5.8892
7.02611,62.0,41996,TCP,benign,8.8242
14.03508,76.0,46318,TCP,benign,5.415
0.39846,4.0,164,TCP,suspicious,10.0387
135.88894,2888.0,3237448,udp,suspicious,21.2526
3.96652,68.0,38552,TCP,benign,17.1435
4.80954,54.0,36033,UDP,benign,11.2277
14.217,60.0,41736,TCP,benign,4.2203
3.85913,64.0,53417,TCP,benign,16.5841
0.06027,4.0,232,TCP,suspicious,66.3642
176.30511,3349.0,4293418,udp,suspicious,18.9955
4.05223,40.0,23421,TCP,benign,9.8711
0.44423,4.0,188,TCP,suspicious,9.0043
7.67949,35.0,20338,TCP,benign,4.5576
4.90074,23.0,13816,UDP,benign,4.6932
3.98911,37.0,26885,TCP,benign,9.2753
1.05541,55.0,35877,UDP,benign,52.1125
4.04288,83.0,54380,TCP,benign,20.5299
10.01287,28.0,7581,TCP,benign,2.7964
,51.0,33547,UDP,benign,18.2385
2.60436,23.0,12304,TCP,benign,8.8314
266.90576,3075.0,4163550,UDP,suspicious,11.5209
,3727.0,4517124,UDP,suspicious,19.3032
0.0739,4.0,168,TCP,suspicious,54.1258
0.92133,88.0,39182,TCP,benign,95.5136
25.0738,14.0,8440,TCP,benign,0.5584
9.95081,95.0,50059,TCP,benign,9.547
141.30416,2075.0,2174600,UDP,suspicious,14.6846
0.56353,69.0,39629,TCP,benign,122.4421
0.14875,3.0,168,TCP,suspicious,20.1684
0.18112,2.0,90,TCP,suspicious,11.0427
1.29342,48.0,26917,TCP,benign,37.1111
145.09337,1477.0,1478477,UDP,suspicious,10.1797
0.7469,30.0,18570,TCP,benign,40.1662
,54.0,40154,TCP,benign,20.4996
13.11698,45.0,21309,UDP,benign,3.4307
0.53433,31.0,14329,UDP,benign,58.0171
0.16929,4.0,188,TCP,suspicious,23.628
296.60923,4836.0,6117540,UDP,suspicious,16.3043
0.49556,1.0,46,TCP,suspicious,2.0179
66.6215,1491.0,2070999,UDP,suspicious,22.3802
,65.0,38622,TCP,benign,23.1388
6.55768,85.0,34553,TCP,benign,12.9619
15.74269,35.0,18731,TCP,benign,2.2233
17.25248,29.0,15878,TCP,benign,1.6809
0.87028,61.0,35437,TCP,benign,70.0927
1.38035,25.0,13304,UDP,benign,18.1113
0.12766,55.0,33382,UDP,benign,430.8252
3.89297,77.0,44845,TCP,benign,19.7792
4.3221,50.0,29700,TCP,benign,11.5684
1.34976,59.0,38753,TCP,benign,43.7115
0.3949,2.0,118,tcp,suspicious,5.0646
177.82802,1547.0,1995630,UDP,suspicious,8.6994
,50.0,41548,TCP,benign,3.1448
3.90149,48.0,25121,TCP,benign,12.303
4.65113,37.0,21928,TCP,benign,7.9551
,55.0,32637,TCP,benign,8.0521
0.57143,34.0,19732,TCP,benign,59.4997
10.64051,34.0,26178,TCP,benign,3.1953
0.10276,4.0,160,TCP,suspicious,38.9262
0.96125,60.0,43161,UDP,benign,62.4186
1.78731,64.0,37414,TCP,benign,35.808
1937.32449,76.0,42852,TCP,benign,39.2294
1.00297,33.0,19615,TCP,benign,32.9022
3.2077,109.0,70482,TCP,benign,33.9808
0.42892,33.0,22455,TCP,benign,76.9368
1.08354,61.0,24365,TCP,benign,56.2969
0.47573,3.0,135,TCP,suspicious,6.306
0.46136,35.0,23887,TCP,benign,75.8626
3.50647,38.0,24453,TCP,benign,10.8371
2.86661,47.0,33269,TCP,benign,16.3957
0.03827,3.0,171,TCP,suspicious,78.3913
207.3099,4337.0,5317162,UDP,suspicious,20.9204
6.01187,35.0,21489,Tcp,benign,5.8218
1.30971,66.0,42382,TCP,benign,50.3928
1.98873,59.0,30516,TCP,benign,29.6672
5.44608,58.0,43109,TCP,benign,10.6499
17.45427,67.0,45416,Tcp,benign,3.8386
0.49556,1.0,46,tcp,suspicious,2.0179
6.69907,47.0,27294,TCP,benign,7.0159
6.35804,87.0,47805,TCP,benign,13.6835
3.39768,,22265,TCP,benign,14.7159
0.679,,38747,TCP,benign,100.1475
9.38035,53.0,24937,TCP,benign,5.6501
207.29574,1671.0,1953399,UDP,suspicious,8.0609
0.14354,2.0,92,TCP,suspicious,13.9335
1.33851,82.0,37542,TCP,benign,61.262
109.02166,3336.0,3559512,UDP,suspicious,30.5994
0.42185,4.0,164,TCP,suspicious,9.4821
9.06335,47.0,32983,TCP,benign,5.1857
1.35828,51.0,39112,UDP,benign,37.5476
5.94092,50.0,26426,TCP,benign,8.4162
0.24481,2.0,102,TCP,suspicious,8.1696
-1.0,4.0,228,tcp,suspicious,49.8535
4.9462,22.0,12943,TCP,benign,4.4479
3.19452,27.0,15581,TCP,benign,8.452
3.28138,44.0,27275,TCP,benign,13.409
1.68504,63.0,53314,udp,benign,37.3878
6.86329,72.0,56403,TCP,benign,10.4906
10.39961,31.0,20454,TCP,benign,2.9809
2.3969,60.0,34158,TCP,benign,25.0323
181.34161,2595.0,2885640,udp,suspicious,14.31
9.63917,,25403,TCP,benign,3.7348
15.49005,39.0,20540,TCP,benign,2.5177
1.8111,23.0,13847,TCP,benign,12.6994
8.65797,51.0,31303,UDP,benign,5.8905
3.76592,28.0,21421,UDP,benign,7.4351
0.03495,3.0,129,TCP,suspicious,85.8319
7.30206,84.0,39969,TCP,benign,11.5036
1.22815,60.0,33663,TCP,benign,48.854
0.20049,14.0,8849,udp,benign,69.8272
6.76644,80.0,48801,TCP,benign,11.8231
104.26465,2652.0,2816424,UDP,suspicious,25.4353
5.5489,61.0,42848,TCP,benign,10.9932
4.55036,24.0,14861,TCP,benign,5.2743
,1647.0,2137806,UDP,suspicious,6.2492
2.42507,30.0,22362,TCP,benign,12.3708
2.44686,59.0,37115,TCP,benign,24.1126
77.41082,3375.0,3577500,UDP,suspicious,43.5986
1.70831,60.0,46296,TCP,benign,35.1224
0.74447,20.0,13293,TCP,benign,26.8648
10.2198,71.0,32356,UDP,benign,6.9473
7.016,41.0,31348,UDP,benign,5.8438
1.03094,74.0,41158,TCP,benign,71.7789
9.2454,103.0,49422,TCP,benign,11.1407
1.47537,38.0,23700,UDP,benign,25.7562
5.20966,61.0,33995,UDP,benign,11.709
0.13055,2.0,88,TCP,suspicious,15.3201
0.41724,3.0,120,TCP,suspicious,7.1901
2.46348,44.0,31506,TCP,benign,17.8609
0.42029,4.0,164,TCP,suspicious,9.5173
53.8904,4553.0,5891582,UDP,suspicious,84.4863
12.65418,41.0,29920,TCP,benign,3.24
0.23964,4.0,192,TCP,suspicious,16.6917
2.95663,1.0,752,TCP,benign,0.3382
5.05476,35.0,20472,TCP,benign,6.9242
0.03254,4.0,236,TCP,suspicious,122.9072
,61.0,32118,UDP,benign,7.0151
4.88902,46.0,24075,TCP,benign,9.4088
114.43499,1080.0,1139400,UDP,suspicious,9.4377
0.09056,31.0,22244,TCP,benign,342.3074
3.89804,65.0,27798,TCP,benign,16.675
0.0529,2.0,80,TCP,suspicious,37.809
,,176,TCP,suspicious,10.3593
26.76657,2184.0,3018288,UDP,suspicious,81.5943
0.95356,73.0,43655,udp,benign,76.5554
10.42416,42.0,23373,TCP,benign,4.0291
2.03779,72.0,45130,udp,benign,35.3323
1.7307,107.0,78604,TCP,benign,61.8247
216.1875,1532.0,1925724,UDP,suspicious,7.0864
,1538.0,1671806,UDP,suspicious,15.4241
68.79149,1249.0,1275229,UDP,suspicious,18.1563
5.30521,29.0,14905,TCP,benign,5.4663
0.26975,3.0,144,TCP,suspicious,11.1216
165.09651,2926.0,4011546,UDP,suspicious,17.723
9.0465,28.0,18438,UDP,benign,3.0951
9.28407,45.0,23721,UDP,benign,4.847
7.42294,54.0,29725,UDP,benign,7.2747
135.47354,2871.0,3752397,UDP,suspicious,21.1923
111.2749,1502.0,1993154,UDP,suspicious,13.4981
1.30705,68.0,34366,TCP,benign,52.0254
0.04958,45.0,31003,TCP,benign,907.6735
246.92855,2221.0,2900626,UDP,suspicious,8.9945
,2.0,110,Tcp,suspicious,4.494
1.8108,55.0,27087,TCP,benign,30.3733
1.17858,50.0,35701,TCP,benign,42.4239
0.05972,4.0,220,tcp,suspicious,66.9797
0.53125,58.0,39274,TCP,benign,109.1774
0.56199,67.0,38001,UDP,benign,119.2198
0.08073,4.0,204,TCP,suspicious,49.5475
0.06369,55.0,37255,TCP,benign,863.5716
7.01072,50.0,25137,TCP,benign,7.1319
2.04806,68.0,33570,TCP,benign,33.2022
140.81827,1719.0,1804950,UDP,suspicious,12.2072
0.39553,43.0,27305,TCP,benign,108.7149
3.94162,84.0,45264,TCP,benign,21.311
253.59547,3415.0,4705870,UDP,suspicious,13.4663
,46.0,22432,TCP,benign,7.4444
,4168.0,4509776,UDP,suspicious,22.6343
1.38622,43.0,26918,TCP,benign,31.0197
0.33929,2.0,112,TCP,suspicious,5.8946
8.60533,32.0,25150,UDP,benign,3.7186
3.53455,,18971,TCP,benign,9.6193
1.3909,22.0,13373,TCP,benign,15.8171
0.10711,1.0,51,TCP,suspicious,9.3361
0.83965,48.0,36246,TCP,benign,57.1665
0.18367,,162,TCP,suspicious,16.3334
3.59407,41.0,23777,Tcp,benign,11.4077
0.14219,3.0,138,TCP,suspicious,21.0988
4.12912,52.0,30307,TCP,benign,12.5935
3.35955,83.0,49407,TCP,benign,24.7057
0.13795,2.0,108,TCP,suspicious,14.4981
4.17633,31.0,21888,UDP,benign,7.4228
267.7565,4310.0,4926330,UDP,suspicious,16.0967
4.56939,74.0,50039,TCP,benign,16.1947
1.88059,80.0,37811,UDP,benign,42.5398
3.35622,59.0,29870,TCP,benign,17.5793
2.86477,38.0,26399,TCP,benign,13.2646
105.13763,3914.0,4062732,UDP,suspicious,37.2274
,47.0,27065,TCP,benign,194.7565
3.29827,9.0,7302,UDP,benign,2.7287
1.39219,54.0,35121,TCP,benign,38.7878
,62.0,35976,TCP,benign,39.7774
0.39166,4.0,164,TCP,suspicious,10.2131
89.90221,4217.0,5739337,UDP,suspicious,46.9065
1.89768,50.0,31317,TCP,benign,26.3479
5.60915,50.0,29208,TCP,benign,8.914
0.73747,33.0,21234,TCP,benign,44.7474
7.51874,71.0,30622,UDP,benign,9.4431
,50.0,31773,TCP,benign,16.0048
2.56413,35.0,22165,TCP,benign,13.6499
0.03243,3.0,135,TCP,suspicious,92.5035
11.381,48.0,30019,TCP,benign,4.2176
5.02726,55.0,36619,tcp,benign,10.9404
59.67974,2822.0,3256588,UDP,suspicious,47.2857
,45.0,18427,TCP,benign,13.3805
5.54445,66.0,32913,UDP,benign,11.9038
5.83214,39.0,19996,TCP,benign,6.6871
,,30245,UDP,benign,3.9486
1.98125,17.0,10896,UDP,benign,8.5805
207.91181,3250.0,4046250,UDP,suspicious,15.6316
1.08224,81.0,45872,TCP,benign,74.8449
1.04477,67.0,35590,TCP,benign,64.1286
1.91419,40.0,25151,UDP,benign,20.8966
0.16743,4.0,216,TCP,suspicious,23.8901
12.28289,64.0,33780,TCP,benign,5.2105
13.85029,39.0,28216,tcp,benign,2.8158
8.58066,30.0,21205,TCP,benign,3.4962
1.01943,76.0,51452,tcp,benign,74.5515
0.05231,1.0,48,TCP,suspicious,19.1172
10.19828,64.0,38980,TCP,benign,6.2756
,44.0,24806,TCP,benign,350.5777
1.91863,32.0,16522,UDP,benign,16.6785
1.1021,51.0,26477,TCP,benign,46.2755
13.84927,53.0,27926,UDP,benign,3.8269
0.18304,3.0,156,TCP,suspicious,16.3903
5.05367,29.0,19837,UDP,benign,5.7384
4.47891,60.0,27314,TCP,benign,13.3961
4.69518,47.0,23755,TCP,benign,10.0103
0.40154,2.0,96,TCP,suspicious,4.9808
0.33717,3.0,126,TCP,suspicious,8.8976
3.04992,34.0,23514,TCP,benign,11.1478
13.5373,,24457,Tcp,benign,4.5061
4.36844,33.0,22305,TCP,benign,7.5542
,3.0,147,TCP,suspicious,6.3263
0.27392,75.0,37636,TCP,benign,273.8003
0.46247,4.0,208,TCP,suspicious,8.6492
29.99028,2516.0,3069520,udp,suspicious,83.8938
11.34131,77.0,40172,TCP,benign,6.7893
1.28331,44.0,35598,TCP,benign,34.2864
3.16838,36.0,14931,TCP,benign,11.3623
237.82451,4861.0,5308212,UDP,suspicious,20.4394
0.94106,25.0,17987,tcp,benign,26.5659
0.46893,3.0,162,TCP,suspicious,6.3976
6.1059,64.0,47116,TCP,benign,10.4817
0.42586,1.0,40,Tcp,suspicious,2.3482
12.70267,34.0,22057,TCP,benign,2.6766
2.49288,46.0,26755,TCP,benign,18.4526
5.40473,22.0,12489,TCP,benign,4.0705
5.49126,53.0,40863,TCP,benign,9.6517
12.46344,55.0,37104,Tcp,benign,4.4129
3.84761,72.0,43548,TCP,benign,18.7129
0.47171,3.0,132,TCP,suspicious,6.3599
210.89108,1303.0,1686082,UDP,suspicious,6.1785
0.36241,64.0,30033,TCP,benign,176.5947
7.41095,57.0,40864,TCP,benign,7.6913
4.02132,17.0,13162,UDP,benign,4.2275
17.51353,45.0,29679,TCP,benign,2.5694
0.1773,,59,TCP,suspicious,5.6401
,52.0,32153,TCP,benign,3.594
0.12128,32.0,18087,TCP,benign,263.8502
11.30398,13.0,8085,TCP,benign,1.15
0.27061,69.0,41280,tcp,benign,254.9749
14.56748,30.0,18308,Tcp,benign,2.0594
9.14133,38.0,24045,tcp,benign,4.1569
0.44366,14.0,9171,TCP,benign,31.5558
69.34169,1791.0,1902042,UDP,suspicious,25.8286
76.78427,4668.0,6157092,UDP,suspicious,60.7937
0.40649,3.0,126,TCP,suspicious,7.3803
2.51324,22.0,13780,UDP,benign,8.7536
0.32251,89.0,44605,tcp,benign,275.9631
2.13928,45.0,23131,TCP,benign,21.0351
1.54,67.0,42024,TCP,benign,43.5064
1.6588,33.0,24640,TCP,benign,19.8939
9.30648,25.0,13722,TCP,benign,2.6863
158.86145,2928.0,3621936,UDP,suspicious,18.4312
4.95151,60.0,39720,TCP,benign,12.1175
2.81819,56.0,23881,TCP,benign,19.8709
0.55587,53.0,34131,UDP,benign,95.3461
0.22674,3.0,135,TCP,suspicious,13.2311
1.0527,67.0,41278,TCP,benign,63.6458
13.89155,35.0,19222,TCP,benign,2.5195
0.23692,56.0,35523,TCP,benign,236.3663
228.00629,3465.0,4002075,UDP,suspicious,15.1969
0.24016,1.0,55,TCP,suspicious,4.164
138.80103,3480.0,3869760,udp,suspicious,25.0719
,3.0,129,TCP,suspicious,7.7473
1.09752,15.0,8746,UDP,benign,13.6672
0.43387,,204,TCP,suspicious,9.2194
17.53562,77.0,46185,TCP,benign,4.3911
1.26544,18.0,12519,TCP,benign,14.2243
,61.0,45113,TCP,benign,70.0134
57.4218,2204.0,2345056,UDP,suspicious,38.3826
285.05674,3048.0,3334512,UDP,suspicious,10.6926
,30.0,16550,TCP,benign,12.203
8.8979,33.0,17844,TCP,benign,3.7087
1.58312,21.0,12251,TCP,benign,13.265
4.50863,,56276,TCP,benign,17.0784
0.15717,50.0,22549,TCP,benign,318.1173
14.04416,46.0,24692,TCP,benign,3.2754
43.16474,3490.0,3954170,UDP,suspicious,80.853
7.30996,36.0,24415,TCP,benign,4.9248
0.12008,3.0,162,TCP,suspicious,24.9838
0.0001,28.0,19219,udp,benign,283921.3757
4.58677,75.0,35104,TCP,benign,16.3514
1.20863,66.0,47897,UDP,benign,54.6073
0.01535,3.0,135,TCP,suspicious,195.3901
55.18427,2618.0,2767226,udp,suspicious,47.4411
59.0901,1259.0,1359720,UDP,suspicious,21.3064
2.2502,51.0,21281,TCP,benign,22.6646
145.22607,2357.0,2785974,UDP,suspicious,16.2299
,42.0,23044,UDP,benign,4.168
0.39454,3.0,123,TCP,suspicious,7.6038
0.02469,2.0,100,TCP,suspicious,80.9948
,44.0,22890,TCP,benign,26.1635
0.22704,4.0,184,TCP,suspicious,17.6183
1.18876,48.0,43584,Tcp,benign,40.3783
0.43649,2.0,106,tcp,suspicious,4.582
5.23723,17.0,7483,TCP,benign,3.246
295.45652,1455.0,1594680,UDP,suspicious,4.9246
0.43077,2.0,84,TCP,suspicious,4.6428
18.17507,30.0,14388,TCP,benign,1.6506
12.76757,66.0,41413,TCP,benign,5.1693
1.54383,32.0,22887,TCP,benign,20.7276
0.62818,47.0,19427,UDP,benign,74.8192
8.87345,64.0,38881,TCP,benign,7.2125
2.07497,23.0,10804,TCP,benign,11.0845
,47.0,29255,TCP,benign,5.2151
,58.0,41265,UDP,benign,10.3269
3.95619,76.0,36278,UDP,benign,19.2104
0.47991,3.0,171,TCP,suspicious,6.2512
2.05685,65.0,38566,TCP,benign,31.6017
9.59182,39.0,19698,TCP,benign,4.066
2.87425,60.0,33512,TCP,benign,20.875
12.27632,1625.0,2179125,UDP,suspicious,132.3686
1.66246,66.0,32237,TCP,benign,39.7002
59.89118,4088.0,5318488,UDP,suspicious,68.2571
,1.0,54,TCP,suspicious,15.332
20.99882,31.0,13458,TCP,benign,1.4763
184.70676,4936.0,4950808,UDP,suspicious,26.7234
169.95133,1521.0,1530126,UDP,suspicious,8.9496
2.45041,,28147,UDP,benign,16.7319
9.8486,66.0,41650,TCP,benign,6.7015
5.39026,23.0,10565,TCP,benign,4.267
3.55482,48.0,28342,TCP,benign,13.5028
0.72281,46.0,35191,TCP,benign,63.6406
8.73574,32.0,18195,TCP,benign,3.6631
2.09552,43.0,34886,UDP,benign,20.5199
7.8548,64.0,45041,TCP,benign,8.1479
7.81178,47.0,21506,TCP,benign,6.0166
0.30558,2.0,96,TCP,suspicious,6.5448
1.34454,37.0,27574,TCP,benign,27.5187
7.14083,42.0,17488,tcp,benign,5.8817
1.92546,54.0,36762,UDP,benign,28.0453
11.33438,61.0,38157,TCP,benign,5.3819
9.04459,45.0,35935,TCP,benign,4.9754
5.2226,67.0,37118,TCP,benign,12.8289
6.51928,53.0,45109,TCP,benign,8.1297
1.30257,36.0,17040,TCP,benign,27.6376
286.97602,3321.0,3902175,UDP,suspicious,11.5724
2.54013,39.0,21189,TCP,benign,15.3535
1.28452,61.0,26673,TCP,benign,47.4885
0.71913,59.0,32172,UDP,benign,82.043
276.88398,,3625950,UDP,suspicious,11.3874
2.49535,39.0,28069,UDP,benign,15.629
,55.0,37896,Tcp,benign,11.3828
0.07462,2.0,96,TCP,suspicious,26.8035
6.19547,58.0,36340,TCP,benign,9.3617
2.34912,72.0,52966,TCP,benign,30.6498
0.23195,1.0,55,TCP,suspicious,4.3113
0.53501,23.0,17503,TCP,benign,42.9899
0.18563,,53,TCP,suspicious,5.387
1.74969,63.0,29605,tcp,benign,36.0064
0.24707,1.0,42,TCP,suspicious,4.0474
0.03094,2.0,80,TCP,suspicious,64.6431
2.5427,57.0,30011,TCP,benign,22.4171
9.081,49.0,29048,UDP,benign,5.3959
1.80242,,25997,UDP,benign,22.7472
6.00541,,45257,TCP,benign,13.8209
86.03499,3719.0,3916107,UDP,suspicious,43.2266
10.53274,28.0,13818,TCP,benign,2.6584
3.14999,48.0,33729,TCP,benign,15.2382
0.17754,2.0,82,TCP,suspicious,11.2651
9.61139,31.0,17683,Tcp,benign,3.2253
6.79902,46.0,24900,TCP,benign,6.7657
1.05334,63.0,36831,UDP,benign,59.8099
1.47697,35.0,21241,TCP,benign,23.6971
27.11519,52.0,27824,TCP,benign,1.9177
11.1548,81.0,49064,TCP,benign,7.2614
10.88536,34.0,20567,tcp,benign,3.1235
2.375,80.0,53610,TCP,benign,33.6841
0.02582,4.0,204,TCP,suspicious,154.8926
17.51933,64.0,35265,TCP,benign,3.6531
260.76858,1607.0,1679315,UDP,suspicious,6.1626
1.98723,28.0,17451,TCP,benign,14.0899
192.10493,4071.0,5548773,UDP,suspicious,21.1915
1.31904,36.0,17867,TCP,benign,27.2926
1.00993,54.0,29666,TCP,benign,53.4692
0.95051,64.0,34405,TCP,benign,67.3321
2.17795,46.0,27334,TCP,benign,21.1208
209.05567,2463.0,3206826,UDP,suspicious,11.7816
7.21996,19.0,10641,UDP,benign,2.6316
2.09494,48.0,29952,tcp,benign,22.9123
0.12484,3.0,165,TCP,suspicious,24.0301
2.88076,25.0,14567,TCP,benign,8.6783
1.0303,32.0,23164,TCP,benign,31.0588
7.30086,54.0,29648,TCP,benign,7.3964
0.63785,35.0,21416,TCP,benign,54.8721
0.77881,29.0,17959,TCP,benign,37.2365
3.49961,55.0,39178,tcp,benign,15.716
,27.0,18355,UDP,benign,28.5344
4.72042,65.0,40920,tcp,benign,13.77
0.25075,3.0,129,TCP,suspicious,11.9643
2.05623,40.0,22617,TCP,benign,19.4531
0.35133,4.0,188,TCP,suspicious,11.3853
,4712.0,6337640,udp,suspicious,24.3693
296.20322,3480.0,4308240,UDP,suspicious,11.7487
295.68619,2037.0,2843652,udp,suspicious,6.8891
0.15063,4.0,188,TCP,suspicious,26.5545
245.66429,4620.0,4892580,UDP,suspicious,18.8062
0.13521,1.0,54,tcp,suspicious,7.3958
9.80654,21.0,13926,TCP,benign,2.1414
1.458,78.0,46747,TCP,benign,53.498
1.67626,66.0,45991,TCP,benign,39.3734
1.83282,37.0,31280,UDP,benign,20.1874
7.67078,73.0,46560,Tcp,benign,9.5166
1.01537,66.0,44009,TCP,benign,65.0007
0.15065,3.0,156,TCP,suspicious,19.9144
2.1552,51.0,32011,tcp,benign,23.6637
1.19917,28.0,14158,tcp,benign,23.3494
0.26717,4.0,224,TCP,suspicious,14.9717
112.9607,4344.0,4986912,UDP,suspicious,38.4559
3.45239,63.0,35338,TCP,benign,18.2482
9.47262,71.0,43768,TCP,benign,7.4953
0.15115,4.0,224,TCP,suspicious,26.4646
0.49695,1.0,40,TCP,suspicious,2.0123
7.1704,54.0,34238,TCP,benign,7.531
0.27765,33.0,19094,TCP,benign,118.8537
0.52039,40.0,20633,TCP,benign,76.8655
9.78117,42.0,20588,TCP,benign,4.294
154.48277,4176.0,5574960,UDP,suspicious,27.0321
0.04757,1.0,43,TCP,suspicious,21.0204
21.40667,1817.0,2180400,UDP,suspicious,84.8801
2.06572,89.0,59460,UDP,benign,43.0842
,3100.0,3534000,UDP,suspicious,12.9456
2.21343,58.0,32921,TCP,benign,26.2036
8.0497,,46604,UDP,benign,10.9321
243.72559,1980.0,2405700,UDP,suspicious,8.1239
0.24677,1.0,51,TCP,suspicious,4.0524
5.68142,72.0,41391,TCP,benign,12.6729
0.76309,42.0,22084,TCP,benign,55.0397
0.27756,1.0,52,TCP,suspicious,3.6028
4.73583,5.0,3230,TCP,benign,1.0558
5.66129,35.0,20259,TCP,benign,6.1823
5.37348,58.0,35659,TCP,benign,10.7937
11.83251,48.0,30087,TCP,benign,4.0566
0.49629,4.0,220,TCP,suspicious,8.0598
0.34924,51.0,29150,TCP,benign,146.0307
239.79087,1339.0,1401933,UDP,suspicious,5.584
9.14616,71.0,38326,UDP,benign,7.7628
11.08217,57.0,30498,TCP,benign,5.1434
1.26322,36.0,17467,UDP,benign,28.4986
0.88542,49.0,31999,UDP,benign,55.3409
0.22408,3.0,129,TCP,suspicious,13.388
237.41979,2168.0,2291576,UDP,suspicious,9.1315
193.22797,4606.0,5209386,UDP,suspicious,23.8371
7.82833,41.0,14679,UDP,benign,5.2374
0.44567,4.0,204,Tcp,suspicious,8.9752
0.07281,39.0,18718,TCP,benign,535.6775
0.07267,4.0,232,TCP,suspicious,55.0466
6.40983,51.0,23587,TCP,benign,7.9565
,4937.0,6842682,UDP,suspicious,27.0036
8.95239,25.0,17380,Tcp,benign,2.7926
4.04665,71.0,39443,TCP,benign,17.5454
184.70073,4762.0,6219172,UDP,suspicious,25.7822
2.81567,64.0,38415,UDP,benign,22.7299
3.55306,51.0,30981,TCP,benign,14.3538
,60.0,38168,TCP,benign,759.8856
9.59003,48.0,34170,TCP,benign,5.0052
0.48144,46.0,30836,TCP,benign,95.5471
69.67571,2602.0,3463262,UDP,suspicious,37.3444
247.54924,3293.0,3714504,UDP,suspicious,13.3024
7.6561,54.0,37569,TCP,benign,7.0532
2.74414,44.0,16154,tcp,benign,16.0341
3.09887,75.0,45358,TCP,benign,24.2024
5.2464,17.0,9090,TCP,benign,3.2403
0.36003,2.0,86,Tcp,suspicious,5.555
1.05973,37.0,25024,UDP,benign,34.9146
0.34553,72.0,44731,TCP,benign,208.3732
0.23274,4.0,168,TCP,suspicious,17.1868
2.3369,56.0,36487,TCP,benign,23.9634
0.28214,2.0,102,TCP,suspicious,7.0886
266.16913,1240.0,1564880,UDP,suspicious,4.6587
0.20712,4.0,232,TCP,suspicious,19.3125
0.51133,59.0,35845,UDP,benign,115.3861
3.4804,57.0,38809,UDP,benign,16.3774
2.74228,66.0,36305,Tcp,benign,24.0676
7.63512,38.0,20351,TCP,benign,4.977
0.43584,62.0,43507,TCP,benign,142.2529
4.77774,7.0,5969,TCP,benign,1.4651
31.291,4431.0,4493034,UDP,suspicious,141.6062
3.9321,27.0,17813,TCP,benign,6.8666
211.42634,3741.0,4081431,UDP,suspicious,17.6941
5.17215,46.0,30787,TCP,benign,8.8938
3.58155,46.0,27924,udp,benign,12.8436
278.13974,4807.0,5701102,UDP,suspicious,17.2827
273.88577,4942.0,6063834,UDP,suspicious,18.044
0.23601,1.0,53,TCP,suspicious,4.2372
281.23878,4130.0,4757760,UDP,suspicious,14.685
11.42989,55.0,27801,TCP,benign,4.8119
6.30578,57.0,35691,TCP,benign,9.0393
,3508.0,4728784,UDP,suspicious,61.9943
4.16984,40.0,26517,TCP,benign,9.5927
10.20505,49.0,28264,TCP,benign,4.8015
282.67215,4262.0,5843202,UDP,suspicious,15.0775
2.09487,89.0,52685,Tcp,benign,42.4848
0.46654,40.0,17326,TCP,benign,85.738
123.26469,2719.0,3328056,UDP,suspicious,22.0582
0.4552,2.0,88,TCP,suspicious,4.3936
3.82737,49.0,26288,TCP,benign,12.8025
10.30189,69.0,40868,tcp,benign,6.6978
1.79758,42.0,26630,tcp,benign,23.3647
,59.0,35614,TCP,benign,3.4123
2.60246,36.0,24149,TCP,benign,13.8331
,20.0,15873,TCP,benign,31.718
0.12743,1.0,49,TCP,suspicious,7.8474
,3.0,126,TCP,suspicious,16.8843
0.06178,4.0,176,TCP,suspicious,64.7428
,37.0,22410,Tcp,benign,6.5739
0.98138,40.0,18986,TCP,benign,40.759
2.99591,70.0,34628,TCP,benign,23.3652
10.50883,65.0,41539,TCP,benign,6.1853
5.6364,34.0,25360,TCP,benign,6.0322
0.07121,,59,TCP,suspicious,14.0422
,46.0,31532,TCP,benign,4.8505
1.67249,55.0,34891,Tcp,benign,32.8852
1.43266,36.0,26785,TCP,benign,25.1281
122.35796,3539.0,4476835,UDP,suspicious,28.9233
1.54328,48.0,24381,TCP,benign,31.1026
11.33977,44.0,25208,TCP,benign,3.8801
10.75754,60.0,33466,TCP,benign,5.5775
180.27365,3734.0,4809392,udp,suspicious,20.713
108.28816,1515.0,1846785,UDP,suspicious,13.9904
191.78631,4005.0,5330655,UDP,suspicious,20.8826
5.18434,57.0,38820,TCP,benign,10.9947
,3.0,156,TCP,suspicious,20.1251
7.57857,58.0,29109,TCP,benign,7.6532
3.28734,65.0,34594,TCP,benign,19.7728
1.85497,92.0,68140,UDP,benign,49.5966
7.44163,,21644,UDP,benign,4.1658
0.44505,4.0,220,TCP,suspicious,8.9877
11.03403,73.0,47430,UDP,benign,6.6159
0.23618,1.0,53,TCP,suspicious,4.234
0.10559,28.0,14452,TCP,benign,265.1869
187.37882,1831.0,1896916,UDP,suspicious,9.7716
20.46139,58.0,33157,TCP,benign,2.8346
7.90621,18.0,12075,TCP,benign,2.2767
6.55714,22.0,12717,TCP,benign,3.3551
0.87761,53.0,39231,TCP,benign,60.3911
1.56981,28.0,19351,TCP,benign,17.8365
6.58242,34.0,26522,TCP,benign,5.1653
3.78831,51.0,31979,tcp,benign,13.4624
3.80662,1.0,560,TCP,benign,0.2627
4.73826,34.0,20541,UDP,benign,7.1756
299.01023,3870.0,5015520,UDP,suspicious,12.9427
12.67663,90.0,53690,UDP,benign,7.0997
7.4359,37.0,22197,TCP,benign,4.9759
9.70741,46.0,20932,TCP,benign,4.7386
213.67922,1446.0,1651332,UDP,suspicious,6.7672
7.42477,58.0,39725,TCP,benign,7.8117
2.36749,,29977,TCP,benign,18.1627
11.97404,78.0,33508,TCP,benign,6.5141
1.21027,44.0,35051,TCP,benign,36.3555
2.31765,14.0,10436,TCP,benign,6.0406
2.03442,40.0,26243,udp,benign,19.6616
0.35079,70.0,47243,TCP,benign,199.5473
2.0399,73.0,46642,UDP,benign,35.7861
2.89583,25.0,16347,TCP,benign,8.6331
30.2408,58.0,42908,TCP,benign,1.9179
74.51788,3308.0,4009296,UDP,suspicious,44.392
0.7025,32.0,19659,TCP,benign,45.5514
1.62569,89.0,58609,TCP,benign,54.7459
3.79201,54.0,33490,UDP,benign,14.2405
3.30855,52.0,36359,TCP,benign,15.7168
5.94561,51.0,29702,TCP,benign,8.5778
0.31702,31.0,24540,TCP,benign,97.7867
10.05525,86.0,43224,TCP,benign,8.5527
7.22716,33.0,19979,TCP,benign,4.5661
1.89525,46.0,22942,TCP,benign,24.2712
0.63074,24.0,13331,tcp,benign,38.0508
2.82445,47.0,36440,TCP,benign,16.6404
3.57367,63.0,33597,Tcp,benign,17.629
0.04757,1.0,43,TCP,suspicious,21.0204
3.05555,18.0,12563,TCP,benign,5.8909
1.11934,55.0,36788,UDP,benign,49.136
0.48813,2.0,82,TCP,suspicious,4.0973
14.14572,72.0,36381,TCP,benign,5.0899
0.07574,67.0,41081,TCP,benign,884.603
11.13094,66.0,44550,TCP,benign,5.9294
230.86604,1485.0,1493910,UDP,suspicious,6.4323
0.3701,,52,TCP,suspicious,2.702
4.49066,28.0,18744,TCP,benign,6.2352
1.97087,83.0,48853,tcp,benign,42.1133
0.28658,3.0,168,TCP,suspicious,10.4684
,59.0,42433,TCP,benign,77.0403
16.75084,58.0,37923,TCP,benign,3.4625
6.16034,69.0,45482,TCP,benign,11.2007
3.14063,20.0,15485,TCP,benign,6.3682
5.25128,57.0,27433,TCP,benign,10.8545
31.46301,1185.0,1235955,UDP,suspicious,37.6633
1.8781,70.0,45635,UDP,benign,37.2717
187.2477,1776.0,2459760,UDP,suspicious,9.4848
3.36543,19.0,11043,TCP,benign,5.6456
6.57197,52.0,38406,TCP,benign,7.9124
0.30538,28.0,20844,UDP,benign,91.6876
0.01404,1.0,42,tcp,suspicious,71.2435
0.09165,2.0,102,TCP,suspicious,21.8215
4.40295,61.0,46040,UDP,benign,13.8544
2.96598,50.0,39340,TCP,benign,16.8578
0.68797,17.0,11115,TCP,benign,24.7103
3.16885,65.0,48461,TCP,benign,20.5122
0.09546,40.0,25665,UDP,benign,419.0055
2.13404,23.0,10598,TCP,benign,10.7777
13.41857,3.0,2121,TCP,benign,0.2236
,37.0,17735,UDP,benign,11.5413
4.42931,64.0,40517,TCP,benign,14.4492
2.27146,38.0,17289,TCP,benign,16.7293
2.09994,,49105,UDP,benign,40.4774
3.55873,56.0,35179,TCP,benign,15.7359
218.23854,2339.0,2776393,UDP,suspicious,10.7176
1.05677,64.0,38981,TCP,benign,60.562
3.09692,59.0,31045,TCP,benign,19.0512
,87.0,28998,TCP,benign,17.1963
2.61207,69.0,48355,UDP,benign,26.4158
0.19915,2.0,110,TCP,suspicious,10.0424
0.65065,48.0,29265,TCP,benign,73.7726
0.28061,,46,TCP,suspicious,3.5637
0.1116,4.0,196,TCP,suspicious,35.8421
7.57379,91.0,51157,UDP,benign,12.0151
3.65382,10.0,6565,TCP,benign,2.7369
5.63261,67.0,43231,UDP,benign,11.895
0.2751,2.0,80,TCP,suspicious,7.27
5.34081,50.0,34445,Tcp,benign,9.3619
100.16614,4279.0,4364580,UDP,suspicious,42.719
9.51048,24.0,14172,TCP,benign,2.5235
5.12524,82.0,64384,TCP,benign,15.9993
0.04432,3.0,132,TCP,suspicious,67.6877
297.15052,,2011920,UDP,suspicious,5.5864
0.13727,4.0,212,TCP,suspicious,29.1402
2.62171,50.0,24901,TCP,benign,19.0715
2.78654,59.0,37886,TCP,benign,21.1732
0.06005,4.0,196,TCP,suspicious,66.6073
9.07545,54.0,21201,UDP,benign,5.9501
0.13734,1.0,58,Tcp,suspicious,7.281
,51.0,29389,TCP,benign,32.9837
1.17824,33.0,17850,TCP,benign,28.0079
0.57855,55.0,36088,TCP,benign,95.0658
1.45082,64.0,38763,TCP,benign,44.1128
1.71495,64.0,38680,TCP,benign,37.3188
188.22062,1275.0,1318350,UDP,suspicious,6.774
0.49632,2.0,84,TCP,suspicious,4.0297
290.40921,3220.0,4214980,UDP,suspicious,11.0878
8.46449,43.0,33831,Tcp,benign,5.08
4.99024,28.0,14965,TCP,benign,5.611
0.40366,1.0,59,TCP,suspicious,2.4773
8.69405,59.0,19686,TCP,benign,6.7862
2.62492,32.0,24009,TCP,benign,12.1908
0.75358,68.0,31569,TCP,benign,90.2365
1.93132,25.0,10832,UDP,benign,12.9445
0.49992,3.0,147,Tcp,suspicious,6.001
,2.0,114,Tcp,suspicious,6.2801
2.09052,57.0,30996,TCP,benign,27.2659
6.63834,56.0,28249,UDP,benign,8.4358
0.38498,1.0,52,TCP,suspicious,2.5975
2.47162,75.0,40466,TCP,benign,30.3444
1.7254,64.0,50028,TCP,benign,37.0929
0.14094,55.0,33984,tcp,benign,390.2299
10.10214,51.0,21271,UDP,benign,5.0484
0.14858,67.0,44663,TCP,benign,450.9409
0.3166,4.0,208,TCP,suspicious,12.6344
4.53555,62.0,37603,tcp,benign,13.6698
2.50735,54.0,34610,UDP,benign,21.5366
0.21204,4.0,224,TCP,suspicious,18.8641
85.85185,3713.0,4288515,UDP,suspicious,43.2489
2.16812,34.0,17688,TCP,benign,15.6818
0.42168,2.0,82,TCP,suspicious,4.7429
0.26548,1.0,47,TCP,suspicious,3.7667
0.39648,4.0,232,TCP,suspicious,10.0887
6.40983,51.0,23587,TCP,benign,7.9565
7.67048,9.0,5300,TCP,benign,1.1733
76.69909,1978.0,2391402,UDP,suspicious,25.7891
13.11626,39.0,25199,UDP,benign,2.9734
0.29255,2.0,114,TCP,suspicious,6.8363
1.92434,36.0,16669,TCP,benign,18.7077
0.13649,3.0,165,Tcp,suspicious,21.9798
3.72157,57.0,32010,TCP,benign,15.3161
11.38619,44.0,28854,TCP,benign,3.8643
0.35025,,129,tcp,suspicious,8.5652
12.98572,48.0,39114,TCP,benign,3.6964
6.86417,50.0,32620,TCP,benign,7.2842
0.5334,8.0,5478,TCP,benign,14.9981
11.68179,58.0,33091,UDP,benign,4.965
8.17487,36.0,20654,TCP,benign,4.4037
158.14807,3310.0,3449020,UDP,suspicious,20.9298
8.6406,75.0,40341,UDP,benign,8.6799
,9.0,3948,TCP,benign,0.8857
80.91424,2125.0,2129250,UDP,suspicious,26.2624
4.32071,53.0,37214,UDP,benign,12.2665
0.25043,4.0,184,TCP,suspicious,15.9725
4.34082,77.0,39062,Tcp,benign,17.7386
106.69798,2378.0,3250726,UDP,suspicious,22.2872
0.56762,85.0,52812,UDP,benign,149.7489
145.36248,2383.0,2814323,UDP,suspicious,16.3935
9.0817,72.0,46041,TCP,benign,7.928
6.32725,44.0,22592,TCP,benign,6.954
4.22762,68.0,44226,TCP,benign,16.0847
0.20876,93.0,53449,TCP,benign,445.4946
0.99213,84.0,35773,TCP,benign,84.6661
269.18798,1089.0,1381941,UDP,suspicious,4.0455
3.621,45.0,30035,TCP,benign,12.4275
44.58001,4490.0,4665110,UDP,suspicious,100.7178
1.20602,55.0,38521,TCP,benign,45.6047
0.11697,73.0,45636,TCP,benign,624.0945
0.2485,44.0,25010,UDP,benign,177.0647
2.23836,92.0,60895,TCP,benign,41.1015
172.66657,1692.0,2218212,UDP,suspicious,9.7992
5.19346,64.0,37022,TCP,benign,12.3232
6.94852,51.0,40472,TCP,benign,7.3397
2.38442,53.0,25327,TCP,benign,22.2277
0.88016,63.0,39415,TCP,benign,71.5779
0.41829,3.0,156,TCP,suspicious,7.172
2.85239,16.0,9942,TCP,benign,5.6093
16.39759,58.0,32352,TCP,benign,3.5371
9.39596,60.0,41451,UDP,benign,6.3857
1.28411,32.0,17250,TCP,benign,24.9201
7.30637,14.0,8771,TCP,benign,1.9161
11.70444,79.0,42454,TCP,benign,6.7496
3.52,17.0,11630,TCP,benign,4.8295
74.32038,2552.0,3001152,UDP,suspicious,34.3378
5.43987,47.0,27658,UDP,benign,8.6399
5.13622,79.0,49926,TCP,benign,15.381
2.83479,53.0,33150,TCP,benign,18.6962
211.71518,2912.0,3424512,udp,suspicious,13.7543
,1.0,44,TCP,suspicious,37.2653
2.85584,16.0,8082,tcp,benign,5.6025
266.67745,3377.0,4491410,UDP,suspicious,12.6632
5.25234,45.0,26318,tcp,benign,8.5676
16.39404,48.0,30649,TCP,benign,2.9279
1.11468,,39254,TCP,benign,48.4446
0.0445,50.0,31748,TCP,benign,1123.4747
0.06045,3.0,150,TCP,suspicious,49.6298
4.58035,53.0,29529,TCP,benign,11.5712
2.33618,33.0,20314,UDP,benign,14.1256
0.53239,54.0,26739,TCP,benign,101.4296
176.59573,1464.0,1673352,UDP,suspicious,8.2901
0.35035,1.0,49,TCP,suspicious,2.8543
5.55012,61.0,31668,TCP,benign,10.9908
1.6831,81.0,56130,UDP,benign,48.1256
0.07602,2.0,118,tcp,suspicious,26.3083
0.74295,50.0,23554,TCP,benign,67.2991
4.47832,54.0,26221,TCP,benign,12.0581
0.45689,4.0,188,TCP,suspicious,8.7548
5.64807,82.0,54714,TCP,benign,14.5182
,27.0,17179,TCP,benign,60.3108
3.07967,49.0,30276,TCP,benign,15.9108
,69.0,41530,TCP,benign,3.609
3.1554,23.0,18872,TCP,benign,7.2891
1.10453,,38667,TCP,benign,60.6595
1.90844,24.0,14707,UDP,benign,12.5757
12.35987,76.0,50699,UDP,benign,6.1489
37.79925,2754.0,2817342,UDP,suspicious,72.8586
5.95426,44.0,27481,udp,benign,7.3897
8.84879,75.0,50759,TCP,benign,8.4757
1.74948,37.0,24886,UDP,benign,21.1491
,1039.0,1377714,UDP,suspicious,11.0963
187.43224,3283.0,3509527,UDP,suspicious,17.5157
0.37125,3.0,156,TCP,suspicious,8.0808
,75.0,47373,UDP,benign,110.5618
,24.0,12638,TCP,benign,7.5887
70.187,1637.0,2149381,UDP,suspicious,23.3234
3.06805,43.0,31858,TCP,benign,14.0154
0.20278,54.0,35818,UDP,benign,266.3003
176.23815,4463.0,4967319,UDP,suspicious,25.3237
0.74074,93.0,53164,TCP,benign,125.5506
0.75395,77.0,50504,Tcp,benign,102.1289
13.62423,94.0,55614,TCP,benign,6.8995
8.91074,12.0,8462,Tcp,benign,1.3467
19.21731,2109.0,2927292,UDP,suspicious,109.7448
285.53622,4616.0,5313016,UDP,suspicious,16.1661
9.43718,28.0,20321,TCP,benign,2.967
2.57711,68.0,40427,TCP,benign,26.3861
5.08766,34.0,17995,TCP,benign,6.6828
163.06128,1070.0,1372810,UDP,suspicious,6.562
1.52845,35.0,23141,UDP,benign,22.899
0.26681,4.0,188,TCP,suspicious,14.9919
108.33769,1994.0,2636068,udp,suspicious,18.4054
1.10932,1.0,596,TCP,benign,0.9015
0.05285,4.0,180,TCP,suspicious,75.6805
0.14859,2.0,88,TCP,suspicious,13.4598
0.31903,70.0,38712,TCP,benign,219.4177
0.16471,3.0,123,TCP,suspicious,18.2137
20.46118,73.0,44057,TCP,benign,3.5677
1.5673,35.0,19378,TCP,benign,22.3314
4.52785,56.0,25254,Tcp,benign,12.3679
5.18827,5.0,3520,TCP,benign,0.9637
7.89103,48.0,30826,TCP,benign,6.0829
3.10935,55.0,28723,TCP,benign,17.6886
1.10768,,37986,TCP,benign,49.6535
0.66625,45.0,32044,Tcp,benign,67.5422
0.58839,60.0,41522,TCP,benign,101.9724
3.78917,,58385,TCP,benign,20.3211
8.54119,66.0,33506,Tcp,benign,7.7273
1.55277,70.0,40597,TCP,benign,45.0809
0.78846,40.0,21603,UDP,benign,50.7316
0.82818,40.0,25158,TCP,benign,48.2988
0.19224,30.0,17733,TCP,benign,156.0585
20.56906,75.0,37687,TCP,benign,3.6463
2.09958,29.0,17103,TCP,benign,13.8123
15.93809,29.0,15919,TCP,benign,1.8195
34.9959,4081.0,4533991,UDP,suspicious,116.6137
,3984.0,4123440,UDP,suspicious,38.9567
0.41683,4.0,204,TCP,suspicious,9.5962
0.30619,59.0,38988,tcp,benign,192.6899
,61.0,42454,TCP,benign,212.7563
0.6987,,24840,tcp,benign,64.4051
4.70719,47.0,22528,TCP,benign,9.9847
0.09432,76.0,55544,UDP,benign,805.7797
0.53914,48.0,27165,UDP,benign,89.0304
,2.0,112,TCP,suspicious,14.6001
4.0044,70.0,56908,UDP,benign,17.4808
,30.0,18521,Tcp,benign,7.2529
6.3878,38.0,24406,TCP,benign,5.9488
15.3521,37.0,17278,TCP,benign,2.4101
0.24012,2.0,98,TCP,suspicious,8.329
0.16418,3.0,162,TCP,suspicious,18.2731
0.17353,1.0,55,TCP,suspicious,5.7626
4.20311,72.0,34171,TCP,benign,17.1302
4.09012,78.0,54942,Tcp,benign,19.0704
34.47987,58.0,44254,TCP,benign,1.6821
0.43584,62.0,43507,TCP,benign,142.2529
10.16017,42.0,23572,Tcp,benign,4.1338
0.33976,1.0,45,TCP,suspicious,2.9433
4.40112,27.0,20804,TCP,benign,6.1348
0.33928,55.0,29830,tcp,benign,162.1099
98.30034,1942.0,2109012,UDP,suspicious,19.7558
0.2626,2.0,80,TCP,suspicious,7.6161
0.05168,1.0,41,TCP,suspicious,19.3499
8.21649,,30177,TCP,benign,6.6939
0.05817,41.0,19037,TCP,benign,704.8278
0.26466,4.0,192,TCP,suspicious,15.1136
0.10674,48.0,33171,TCP,benign,449.7059
0.76544,27.0,11878,TCP,benign,35.2739
13.45748,15.0,11686,TCP,benign,1.1146
,57.0,36443,TCP,benign,4.9471
0.26132,1.0,57,TCP,suspicious,3.8267
0.56214,73.0,35374,TCP,benign,129.862
9.22738,1.0,529,tcp,benign,0.1084
3.96599,41.0,25447,TCP,benign,10.3379
0.28602,1.0,49,TCP,suspicious,3.4963
59.89118,4088.0,5318488,UDP,suspicious,68.2571
0.93741,55.0,41127,TCP,benign,58.6724
130.0183,1152.0,1483776,UDP,suspicious,8.8603
0.20652,,40552,UDP,benign,285.6865
0.23168,62.0,27870,TCP,benign,267.6137
12.1854,47.0,29411,TCP,benign,3.8571
0.6059,80.0,45926,TCP,benign,132.0357
15.88239,35.0,20050,TCP,benign,2.2037
0.25415,2.0,90,TCP,suspicious,7.8695
0.58602,59.0,36629,TCP,benign,100.679
5.27592,,51095,TCP,benign,12.8887
0.13154,4.0,176,TCP,suspicious,30.4086
5.54445,66.0,32913,UDP,benign,11.9038
5.25736,71.0,45857,TCP,benign,13.5049
3.79542,40.0,16254,TCP,benign,10.539
3.02177,40.0,25321,TCP,benign,13.2373
1.49533,,52428,UDP,benign,54.8373
0.32276,1.0,45,TCP,suspicious,3.0983
0.15241,1.0,45,TCP,suspicious,6.5611
10.23845,45.0,30149,TCP,benign,4.3952
1.00887,61.0,34089,TCP,benign,60.4639
,4.0,216,TCP,suspicious,116.4389
0.35312,1.0,58,TCP,suspicious,2.8319
1.69004,48.0,32758,tcp,benign,28.4018
2.92428,19.0,12555,TCP,benign,6.4973
13.91744,,2252,TCP,benign,0.2874
4.77412,66.0,52425,TCP,benign,13.8246
1.93798,38.0,23359,TCP,benign,19.6081
2.09524,74.0,37764,TCP,benign,35.3181
164.82821,3151.0,3696123,UDP,suspicious,19.1169
9.57899,35.0,21136,UDP,benign,3.6538
0.54997,64.0,40995,TCP,benign,116.369
,,3579411,UDP,suspicious,17.5904
1.30339,56.0,32413,Tcp,benign,42.9648
11.79207,50.0,24170,Tcp,benign,4.2401
6.10843,54.0,26939,TCP,benign,8.8402
3.66578,75.0,45691,TCP,benign,20.4595
0.0979,2.0,80,TCP,suspicious,20.4289
14.66323,72.0,41941,TCP,benign,4.9102
0.41668,52.0,33793,TCP,benign,124.7959
0.45158,2.0,90,TCP,suspicious,4.4288
6.51111,,22238,tcp,benign,6.1433
0.05096,4.0,192,TCP,suspicious,78.4951
9.55272,11.0,7244,TCP,benign,1.1515
7.02605,84.0,51785,TCP,benign,11.9555
230.83417,3742.0,4452980,UDP,suspicious,16.2108
1.01593,77.0,50016,TCP,benign,75.7923
262.90184,,5019591,UDP,suspicious,17.9953
1.159,52.0,30794,TCP,benign,44.8662
115.8621,1296.0,1470960,UDP,suspicious,11.1857
2.98971,37.0,21297,UDP,benign,12.3758
1.38484,21.0,13406,TCP,benign,15.1642
11.76935,45.0,18728,TCP,benign,3.8235
3.64523,44.0,29578,UDP,benign,12.0706
1.8944,44.0,29554,UDP,benign,23.2264
1.83214,17.0,7895,UDP,benign,9.2788
2.14471,43.0,21801,TCP,benign,20.0493
0.32507,1.0,53,TCP,suspicious,3.0763
3.53634,2.0,1265,TCP,benign,0.5656
257.52136,3695.0,4522680,UDP,suspicious,14.3483
5.67252,86.0,42452,TCP,benign,15.1608
2.15379,57.0,33794,UDP,benign,26.465
5.39387,67.0,51481,TCP,benign,12.4215
12.09659,77.0,48724,UDP,benign,6.3654
2.85329,63.0,40989,TCP,benign,22.0798
4.77855,36.0,17255,TCP,benign,7.5337
5.56182,59.0,34591,tcp,benign,10.608
1.88327,36.0,14829,UDP,benign,19.1157
0.01787,3.0,129,TCP,suspicious,167.8749
0.9359,33.0,23288,udp,benign,35.2603
0.33014,4.0,164,tcp,suspicious,12.116
2.97605,24.0,15056,UDP,benign,8.0644
7.10962,59.0,35979,TCP,benign,8.2986
10.07634,68.0,29990,TCP,benign,6.7485
0.0126,60.0,33702,UDP,benign,4761.3477
3.45372,38.0,26960,TCP,benign,11.0026
19.24233,44.0,22655,UDP,benign,2.2866
2.96125,72.0,32900,udp,benign,24.3141
0.30538,,120,TCP,suspicious,9.8239
10.30169,47.0,27277,TCP,benign,4.5624
141.4257,1667.0,1675335,UDP,suspicious,11.7871
6.51198,27.0,12469,TCP,benign,4.1462
5.60444,82.0,62065,Tcp,benign,14.6312
3.2369,50.0,38592,TCP,benign,15.4469
9.00633,38.0,26865,TCP,benign,4.2193
0.25366,1.0,59,TCP,suspicious,3.9422
5.2149,69.0,48250,TCP,benign,13.2313
8.65074,98.0,60214,TCP,benign,11.3285
0.73888,67.0,27876,TCP,benign,90.6783
,26.0,13824,TCP,benign,2.1235
21.84907,,5356250,UDP,suspicious,196.1181
0.43994,2.0,110,TCP,suspicious,4.5461
0.95329,62.0,35300,TCP,benign,65.0381
0.85867,,29714,UDP,benign,58.2295
15.83094,60.0,34777,TCP,benign,3.79
0.16789,4.0,228,Tcp,suspicious,23.8251
5.93777,33.0,20070,TCP,benign,5.5576
11.73532,74.0,58140,TCP,benign,6.3057
23.07787,,39788,TCP,benign,3.8565
0.12125,63.0,34523,UDP,benign,519.5865
,65.0,26703,TCP,benign,16.1224
0.02076,4.0,212,TCP,suspicious,192.6595
2.0257,45.0,22585,TCP,benign,22.2145
1.14342,37.0,19506,TCP,benign,32.359
9.10064,66.0,34571,TCP,benign,7.2522
,68.0,42790,TCP,benign,15.9254
5.44813,79.0,51403,TCP,benign,14.5004
3.04943,55.0,32150,tcp,benign,18.0361
0.36077,2.0,108,TCP,suspicious,5.5438
,79.0,52439,TCP,benign,27.3577
3.34542,23.0,15214,UDP,benign,6.8751
0.10782,3.0,138,TCP,suspicious,27.824
,70.0,34982,TCP,benign,14.7557
158.66266,4929.0,6476706,UDP,suspicious,31.0659
,72.0,27765,TCP,benign,107.4129
0.0957,23.0,13629,TCP,benign,240.334
14.7829,47.0,28061,TCP,benign,3.1793
147.7942,3017.0,4069933,UDP,suspicious,20.4135
0.02959,1.0,50,TCP,suspicious,33.7994
0.01946,81.0,37869,TCP,benign,4163.1582
,1.0,54,TCP,suspicious,7.7412
16.81017,65.0,37965,TCP,benign,3.8667
7.77747,66.0,32684,UDP,benign,8.486
9.50216,64.0,40518,UDP,benign,6.7353
1.14553,38.0,25513,TCP,benign,33.1723
224.13636,2715.0,3602805,UDP,suspicious,12.1132
0.27767,1.0,44,TCP,suspicious,3.6014
71.18374,3532.0,4941268,UDP,suspicious,49.6181
33.04432,4239.0,5273316,udp,suspicious,128.2823
2.8732,69.0,39567,TCP,benign,24.015
116.41354,4839.0,5530977,udp,suspicious,41.5673
9.0548,46.0,26349,UDP,benign,5.0802
0.78545,66.0,33041,TCP,benign,84.0278
7.29964,39.0,20245,UDP,benign,5.3427
1.35846,65.0,47643,TCP,benign,47.8482
0.49731,2.0,118,TCP,suspicious,4.0217
8.91294,61.0,29669,TCP,benign,6.844
6.7255,44.0,31666,TCP,benign,6.5423
2.81147,38.0,21886,UDP,benign,13.5161
5.92731,61.0,45042,TCP,benign,10.2913
11.64214,38.0,25532,TCP,benign,3.264
7.28871,55.0,29163,TCP,benign,7.5459
1.00352,45.0,21388,TCP,benign,44.8421
189.86651,3665.0,4749840,udp,suspicious,19.303
,,108,TCP,suspicious,16.6759
4.14859,77.0,50494,TCP,benign,18.5605
7.90821,57.0,37197,TCP,benign,7.2077
3.70263,40.0,34325,TCP,benign,10.8031
6.47636,24.0,15516,TCP,benign,3.7058
2149.78202,58.0,27639,Tcp,benign,26.9795
82.81787,3190.0,3205950,UDP,suspicious,38.5183
0.1183,2.0,82,tcp,suspicious,16.9061
1.5222,58.0,28260,TCP,benign,38.1026
0.03295,1.0,40,TCP,suspicious,30.3524
15.51112,88.0,45021,UDP,benign,5.6733
78.16703,2866.0,3195590,UDP,suspicious,36.6651
237.74947,,2459960,UDP,suspicious,7.4869
0.45243,3.0,126,TCP,suspicious,6.6309
0.3166,4.0,208,TCP,suspicious,12.6344
13.40894,5.0,3342,TCP,benign,0.3729
0.89111,67.0,26864,tcp,benign,75.1868
0.68638,57.0,25375,TCP,benign,83.044
2.12123,55.0,31915,TCP,benign,25.9283
3.80364,65.0,43973,TCP,benign,17.0889
12.49239,45.0,22694,TCP,benign,3.6022
1.06335,39.0,24968,TCP,benign,36.6764
0.75176,82.0,55611,TCP,benign,109.0778
94.66505,4311.0,4500684,UDP,suspicious,45.5395
32.9477,2940.0,3519180,UDP,suspicious,89.2323
8.9235,64.0,44368,TCP,benign,7.1721
0.49241,39.0,18602,TCP,benign,79.2028
0.05213,4.0,192,TCP,suspicious,76.7339
0.73251,52.0,28660,TCP,benign,70.9889
7.78012,55.0,31706,TCP,benign,7.0693
2.22,67.0,38495,TCP,benign,30.1801
,48.0,32451,TCP,benign,72.0478
15.84301,39.0,33048,TCP,benign,2.4617
4.97739,19.0,12308,UDP,benign,3.8173
1.0375,34.0,28495,TCP,benign,32.7711
0.31956,1.0,42,TCP,suspicious,3.1293
2.50002,,44100,UDP,benign,26.3998
232.89449,1333.0,1788886,UDP,suspicious,5.7236
24.19532,4216.0,5278432,UDP,suspicious,174.2486
3.83192,75.0,33912,TCP,benign,19.5724
2.35728,37.0,24061,UDP,benign,15.696
145.51072,4493.0,4587353,UDP,suspicious,30.8775
5.68375,60.0,42844,Tcp,benign,10.5564
0.40469,60.0,41313,UDP,benign,148.261
0.5334,8.0,5478,TCP,benign,14.9981
290.58815,4008.0,5434848,UDP,suspicious,13.7927
7.87886,39.0,19376,TCP,benign,4.95
87.36325,3957.0,4641561,UDP,suspicious,45.2936
205.31168,,5380464,UDP,suspicious,23.0284
0.10886,34.0,23651,TCP,benign,312.3142
0.22148,4.0,232,TCP,suspicious,18.06
8.62077,38.0,21980,TCP,benign,4.408
9.9225,48.0,22725,TCP,benign,4.8375
0.59801,41.0,22834,TCP,benign,68.5607
0.77725,76.0,53267,TCP,benign,97.781
225.57567,3364.0,4258824,UDP,suspicious,14.913
7.75569,67.0,36662,TCP,benign,8.6388
0.44078,37.0,31916,TCP,benign,83.9428
134.10072,1576.0,1629584,UDP,suspicious,11.7524
7.2906,34.0,19938,tcp,benign,4.6635
3.18094,57.0,33605,TCP,benign,17.9192
2.43542,24.0,15341,Tcp,benign,9.8545
0.0448,51.0,32487,udp,benign,1138.3238
2.29485,,36021,TCP,benign,23.0952
5.40905,68.0,48591,UDP,benign,12.5715
0.03019,2.0,90,TCP,suspicious,66.2485
6.70795,84.0,68485,TCP,benign,12.5225
0.38497,4.0,188,TCP,suspicious,10.3903
,2.0,112,TCP,suspicious,6.7129
7.6853,63.0,34909,TCP,benign,8.1975
0.18828,4.0,204,TCP,suspicious,21.2455
8.71015,15.0,3917,TCP,benign,1.7221
0.28785,3.0,162,TCP,suspicious,10.4221
0.37365,2.0,118,TCP,suspicious,5.3526
7.20221,61.0,30551,TCP,benign,8.4696
4.44476,31.0,12607,TCP,benign,6.9745
0.35956,2.0,94,TCP,suspicious,5.5624
7.63085,53.0,29098,tcp,benign,6.9455
0.14776,2.0,118,TCP,suspicious,13.5358
0.62353,14.0,7403,UDP,benign,22.4527
1.92284,60.0,43975,TCP,benign,31.2038
0.83731,41.0,26997,TCP,benign,48.9661
2.7949,27.0,16701,TCP,benign,9.6605
0.39804,4.0,208,TCP,suspicious,10.0491
2.72704,61.0,43360,UDP,benign,22.3686
0.07091,4.0,208,TCP,suspicious,56.4121
0.24279,2.0,96,TCP,suspicious,8.2377
0.72727,45.0,25876,TCP,benign,61.8755
,3.0,126,TCP,suspicious,32.132
5.32458,34.0,18363,TCP,benign,6.3855
69.34169,1791.0,1902042,UDP,suspicious,25.8286
5.93761,55.0,32233,TCP,benign,9.263
7.49092,37.0,19113,TCP,benign,4.9393
4.47358,34.0,17056,TCP,benign,7.6002
0.27848,3.0,165,TCP,suspicious,10.7728
0.47176,1.0,53,TCP,suspicious,2.1197
1.09865,45.0,30658,TCP,benign,40.9592
1.56463,51.0,36512,TCP,benign,32.5955
,60.0,27925,UDP,benign,9.2416
5.99194,27.0,15823,UDP,benign,4.5061
1.18127,41.0,20518,UDP,benign,34.7083
,1.0,46,TCP,suspicious,3.5596
2.73665,25.0,15716,TCP,benign,9.1352
0.50334,,18184,UDP,benign,61.588
0.15968,1.0,47,TCP,suspicious,6.2625
165.11378,4311.0,4711923,udp,suspicious,26.1093
9.64798,48.0,30301,UDP,benign,4.9751
0.43179,52.0,28257,UDP,benign,120.4298
6.97233,48.0,27088,TCP,benign,6.8844
,3806.0,3885926,UDP,suspicious,59.5995
10.28757,59.0,29638,UDP,benign,5.7351
5.40681,13.0,10290,UDP,benign,2.4044
0.25945,4.0,176,TCP,suspicious,15.417
4.54967,50.0,37787,TCP,benign,10.9898
6.41187,48.0,30534,TCP,benign,7.4861
12.37213,73.0,55984,UDP,benign,5.9004
5.58979,59.0,21349,TCP,benign,10.555
2.20113,77.0,47890,TCP,benign,34.982
9.41724,7.0,4484,TCP,benign,0.7433
6.1345,69.0,35817,TCP,benign,11.2479
0.35153,66.0,42145,TCP,benign,187.7526
10.07383,66.0,39743,TCP,benign,6.5516
2.39305,55.0,38924,TCP,benign,22.9832
202.66315,2373.0,3255756,UDP,suspicious,11.7091
6.39141,33.0,18283,TCP,benign,5.1632
0.40641,3.0,162,TCP,suspicious,7.3817
4.87796,55.0,32761,TCP,benign,11.2752
,1.0,50,TCP,suspicious,4.1598
,2230.0,2343730,udp,suspicious,8.9435
17.25511,66.0,34894,TCP,benign,3.825
0.21202,67.0,28126,udp,benign,316.012
4.45878,42.0,26957,TCP,benign,9.4196
250.85022,1935.0,2507760,UDP,suspicious,7.7138
0.88481,17.0,11124,TCP,benign,19.2132
0.68817,24.0,14506,UDP,benign,34.8751
